CAPUI,ADTWN,1144
CVCFZ,MIQKQ,316
RCWGV,PEQAG,814
BIJBO,HQSPC,1009
FOOJJ,KCTYZ,1007
GCDEA,FGPSA,560
LJVTL,QUATH,911
MQRZM,JXBUZ,747
BYMJK,HBZGW,131
KTXCH,LWXDL,1159
EMPTY,EMPTY,-1
VMLFU,ADGAW,1206
YIQWK,ZCEDR,1462
FUVYD,KGDYS,357
EMPTY,EMPTY,-1
NFISO,RQZWY,1296
UTPVK,LQTMB,512
SLOPD,RPEHB,121
HABOR,JVSKO,182
EMPTY,EMPTY,-1
EMPTY,EMPTY,-1
QBGFE,CLTPP,561
EMPTY,EMPTY,-1
XQBJZ,IEHRV,1224
MOTNH,EHYFR,843
SYENC,NMAKI,759
PVCDH,GHWUZ,740
DEBHK,DJRRO,1247
LIKZJ,HWNLR,579
UYRFE,LREHI,748
IKFZI,NLPAR,323
QKSMJ,YZDCV,1073
EMPTY,EMPTY,-1
MADJW,RMXOX,36
NWYWD,RZZWW,866
RACAH,NXTII,1140
SBQHA,PDDYD,644
EIWXA,QFCGH,411
UKFQX,JZVXA,1043
BCBZH,DSURQ,1329
EMPTY,EMPTY,-1
EMPTY,EMPTY,-1
PINJP,BVNWS,140
GOVLC,ZMDJV,432
OUNPI,JZLXU,532
RFNUE,OOPCR,1344
FRXJV,SIFOE,125
LUDHP,HIIUY,892
EMPTY,EMPTY,-1
WBLAF,FUQEV,73
GZSLO,OPWQY,666
UBOYS,IANNH,388
TRGDQ,GSIXV,1428
QYGBH,AGDSA,1498
XVDMR,NLHIW,1499
EMPTY,EMPTY,-1
PCPOA,YKEBH,211
BYRJT,BCBVO,1066
BAWLR,PNCGO,1149
XADDO,NLCCP,1356
OLHAZ,NGAZR,589
YCODI,PJKPI,932
NFOHF,VUQOZ,1242
EMPTY,EMPTY,-1
KPAIC,YSRYJ,215
OYASW,WZFGI,1359
IUFYC,QWCKK,709
USJJR,GKPBV,1213
UQODK,GRTAV,1266
CUOPY,LVCIB,252
WYDNL,FLAOJ,564
EMPTY,EMPTY,-1
XDVOR,OEJMJ,818
IMRGZ,ZANOG,662
NEYEM,CSGZW,189
NDWSQ,DSSJF,795
SZJWE,AKEPV,841
CTBSE,IBZAV,266
VBBUU,EFVQJ,610
EMPTY,EMPTY,-1
SUDHD,MHFUA,1258
KXTLU,PPDVC,727
IKRGX,AYOFE,1186
KFTXC,QSKAO,705
VLUKD,PBUCB,72
XVYDG,HPQZD,470
QJHQZ,EMDBJ,649
EMPTY,EMPTY,-1
EMPTY,EMPTY,-1
VLKDZ,QTLIY,1267
EMPTY,EMPTY,-1
EMPTY,EMPTY,-1
BTTLU,EQESF,186
DSYKM,PQYHZ,851
TAFDN,SLZRT,1319
GTRES,QGMFU,808
GYPIY,TLAMJ,1121
QESZO,TLJTZ,522
BNVTS,JTKRS,688
VZPXJ,IBHTM,604
OFPFD,RBKFJ,519
MFUXB,TRYOO,99
JIVTV,PERYE,264
LXIBQ,LKJUD,400
OHQXR,ZZXUB,1182
JKGNW,LZRRE,144
OHQLG,GXBCI,950
XPCVT,WCYZE,1364
RFWAC,YJHYH,1365
NRYJL,OMGKW,74
XKJPM,YGKFT,533
LIQAL,FCRFD,540
ZHCVT,SNKNA,45
SXTUL,BHTCP,457
NVVRF,MHATO,1062
EMPTY,EMPTY,-1
EMPTY,EMPTY,-1
DGQEW,BBQXG,1491
PYYKK,ERBBE,1466
USSAK,HRZPT,1315
EDEIT,FXPQQ,1269
LZICG,UNIWQ,1199
EMPTY,EMPTY,-1
LMWDR,QNMCN,39
EMPTY,EMPTY,-1
EMPTY,EMPTY,-1
XWVYL,OLLEJ,1399
EMPTY,EMPTY,-1
EMPTY,EMPTY,-1
EMPTY,EMPTY,-1
UATTR,TEEIU,1289
EMPTY,EMPTY,-1
HQNWA,LFPFN,46
EMPTY,EMPTY,-1
JQXBN,MKPHZ,1227
EMPTY,EMPTY,-1
EMPTY,EMPTY,-1
EMPTY,EMPTY,-1
EMPTY,EMPTY,-1
WILNT,PXNNX,1219
AHXYG,VORNI,652
EMPTY,EMPTY,-1
EMPTY,EMPTY,-1
XOCAY,LXKJA,373
OTIHH,OHPSR,946
EMPTY,EMPTY,-1
EMPTY,EMPTY,-1
EMPTY,EMPTY,-1
EMPTY,EMPTY,-1
EMPTY,EMPTY,-1
UVQTG,PSMKD,1490
EMPTY,EMPTY,-1
LQYTQ,LEMGF,168
UATNH,BFWCZ,245
HQNPN,KGMHJ,1438
FYCAJ,EBSUT,1352
DVWKW,LOHAS,776
LSLNZ,KPSOU,341
JQOOE,WIQMX,760
KNZGB,UEEWJ,767
HHVYB,NQIDZ,1197
EMPTY,EMPTY,-1
KESRN,SFAKG,878
ELHFL,LCYNN,793
FQDII,XSPXU,729
XCLZZ,KMULW,48
JXSFY,PHXZG,1139
YQDYN,YTHEJ,931
OCGCW,ACNSX,1265
EMPTY,EMPTY,-1
RMHRI,YQCRO,786
EMPTY,EMPTY,-1
GVPRC,BZPFA,788
YBHGW,TTINF,37
GWNXQ,HOFAW,201
SNAOW,OXHWF,1039
EQZVL,XSYHB,1497
EMPTY,EMPTY,-1
SGZHN,LQEAI,395
EMPTY,EMPTY,-1
EMPTY,EMPTY,-1
TFQCO,YLEYA,711
EMPTY,EMPTY,-1
EMPTY,EMPTY,-1
BXHNR,ILQAA,1049
EMPTY,EMPTY,-1
VNSGG,TORXH,1141
EMPTY,EMPTY,-1
MIQQJ,VKQUO,291
TOEVE,UKWGT,877
EMPTY,EMPTY,-1
EMPTY,EMPTY,-1
EMPTY,EMPTY,-1
QESIR,XUEHD,1442
XBZGM,ASUSY,56
JXERV,NUPVT,365
EMPTY,EMPTY,-1
EMPTY,EMPTY,-1
EMPTY,EMPTY,-1
IXAXE,MWZJV,590
ERTQF,GGQPT,983
EMPTY,EMPTY,-1
EMPTY,EMPTY,-1
MAFQE,SSIWZ,1398
EMPTY,EMPTY,-1
EMPTY,EMPTY,-1
EWIVN,FTKXS,927
XZFBN,SUZRI,984
EFSVF,WIDCI,585
EMPTY,EMPTY,-1
EMPTY,EMPTY,-1
ZDNKE,JNSGD,1430
EVGWZ,TBTDO,1251
HKNEM,XSSXP,993
BFOQR,TPVTB,1312
RLJCG,HYKHD,282
CUVCL,ARBIN,157
PQVYV,ACTJL,467
LIGLF,OILUK,1475
IYAWI,LRLBM,175
QZBSW,FMXGV,207
MYLPN,NKZGY,1013
YFRGO,XBDZF,23
UGXFG,GRPWH,387
DVVPV,ZYMFN,450
JBWWG,OMKAV,243
ESTTP,POHNA,1236
KZMQC,OQYEY,1323
EMPTY,EMPTY,-1
ONMFV,LVNBB,847
TAHZQ,EJELE,1351
HONTF,HCFIB,1369
UGYAP,JNDFS,823
TZXDX,CMJQJ,594
WYPKQ,YXNBG,837
EMPTY,EMPTY,-1
EMPTY,EMPTY,-1
EMPTY,EMPTY,-1
EMPTY,EMPTY,-1
JWEYV,EDUPY,1412
ORIHR,PJZHY,454
GDWSF,NVUGM,417
ZITTX,RBUNR,584
EMPTY,EMPTY,-1
EMPTY,EMPTY,-1
EMPTY,EMPTY,-1
EMPTY,EMPTY,-1
EMPTY,EMPTY,-1
FBOGN,NKNOL,543
EMPTY,EMPTY,-1
WYRED,EMAPV,964
EMPTY,EMPTY,-1
BUMVK,JPARQ,1341
LXNJA,IPAGR,105
EMPTY,EMPTY,-1
MBNHZ,PSASD,492
EMPTY,EMPTY,-1
EMPTY,EMPTY,-1
KLBFU,IRZRZ,1301
NYYWN,JMVHM,764
ECIPN,NABKH,476
VVWGC,DSZPD,694
EMPTY,EMPTY,-1
CIFLP,JGSME,254
IRTAC,TWTHW,251
FWGHI,YJIVL,89
EMPTY,EMPTY,-1
EMPTY,EMPTY,-1
AMPCV,QLXCF,1048
OUEEE,GKOWD,505
QOPVN,IEPWT,952
MMKCR,ZKLUK,506
OXLEI,YEAAK,1407
DHWEP,UWELX,1180
UQMDS,LJPUH,1240
SZIOZ,NJCOB,1383
RRBIF,RVSJT,338
PJSIK,CFTAF,685
EMPTY,EMPTY,-1
EMPTY,EMPTY,-1
VMEHW,FFTPF,1439
EMPTY,EMPTY,-1
EMPTY,EMPTY,-1
RVGZI,JOZCW,987
RMZON,KTTIG,446
EMPTY,EMPTY,-1
ILOHM,MWQFK,970
KYVSV,RDVNC,416
EMPTY,EMPTY,-1
EMPTY,EMPTY,-1
EMPTY,EMPTY,-1
EMPTY,EMPTY,-1
EMPTY,EMPTY,-1
EMPTY,EMPTY,-1
EMPTY,EMPTY,-1
CKMFA,LYHZG,636
LSHAU,ZBEFK,583
KQIJL,VOTTU,538
QJBWJ,JXCEN,998
NBDTA,XZQQY,556
YZQDY,PZGHD,704
EMPTY,EMPTY,-1
ZIIXI,JHAEP,1493
KDWTI,AQHFK,846
BVQZR,TWYLH,1088
EMPTY,EMPTY,-1
VRMGS,HKZLM,423
WSKGN,IBSGB,85
NYWWY,QSYTX,383
SMECU,PHQTS,682
EMPTY,EMPTY,-1
PNXAE,YPJBW,1271
ESFAA,BBANA,1244
BFLHL,YSAXH,135
WJFWE,ZAODN,191
NDPNO,TTZYO,849
FZPYO,QCRIK,59
KULEQ,SUDJY,226
EMPTY,EMPTY,-1
BSDXO,JSWCD,966
OHHDR,SESXR,811
XEIIR,AMKRT,690
JTFWJ,BMSXP,44
EMPTY,EMPTY,-1
EMPTY,EMPTY,-1
PAIAV,FVJYD,124
HGFOJ,MIOCB,824
EMPTY,EMPTY,-1
VIDCC,XWKTM,1318
EMPTY,EMPTY,-1
YSSQM,PONGE,990
YTJTJ,WSBTW,14
EMPTY,EMPTY,-1
YBBQW,CRJOQ,386
YHXWZ,DZUIG,817
IPOQO,QMLKG,442
GIIWB,GNVRA,98
KCOGN,NNLQQ,129
RAQAF,KAMZE,857
JSYSC,ESPIH,1321
EMPTY,EMPTY,-1
PJAUA,YQRPU,1087
WGVPB,VYEKC,114
YCZKE,ERGJH,923
MMHCF,UOBJP,5
PVVOM,CAPLD,1195
OAVRG,EAKFY,1423
EMPTY,EMPTY,-1
JNEQW,ORPML,1250
DQKTM,KKMSO,659
EMPTY,EMPTY,-1
EMPTY,EMPTY,-1
NNHBC,XQMCE,1223
WQCHZ,BCBLC,152
YNIEG,CABVE,1409
SYNMA,VVOMJ,1404
QACBQ,GZFRN,603
CASRE,TNUJY,917
BZFWX,XCZEU,1239
RJELC,GMKUM,1304
QFGAU,VTYRR,815
PSQPB,LRLSL,238
IEDXE,JPIMY,679
EMPTY,EMPTY,-1
SDFZG,IAFOD,1109
NFIGB,UBVIW,1416
HULUE,VSAIE,305
LNGLZ,ATFGT,1138
ONNKU,BHOEO,863
VOEGQ,SVXVE,1153
OJKSV,VOHPT,1259
ZUUIL,FTSIP,202
EMPTY,EMPTY,-1
EMPTY,EMPTY,-1
YCVTH,MSXMK,11
EMPTY,EMPTY,-1
EIMFE,LRWBG,1220
YNFPY,QLSJQ,825
LWDWJ,HQLAP,995
EAOZH,WRLIK,1465
YITEX,YJXHZ,1331
PGUSE,LASIV,1184
EMPTY,EMPTY,-1
PMFDH,UTOYM,1273
EEEKA,PMRBI,1090
FASRP,EXCBM,142
ILCYZ,ZCTHF,482
GCHXN,FZFEV,228
MZEJF,WGSAO,962
BHSGS,OSSLA,838
LGIVL,PKAFQ,965
LJBDH,NXLFL,658
EMPTY,EMPTY,-1
VIUXZ,OOHFB,534
QWBOX,UETWN,655
EMPTY,EMPTY,-1
STCGE,UOXCB,1337
YUXVO,HSIRR,726
APUMX,XFNMW,79
VLOPV,UDGZR,820
EMPTY,EMPTY,-1
NXLNB,SWPQP,1485
UEUGT,XCCOH,676
DRQVP,FAAYG,126
DBSWP,OPXYD,139
KSCWE,WULDG,436
VYHJF,BVJEC,830
SWJQT,WOAPF,414
RJLKH,DINZV,1154
CSTNZ,GOLNM,1334
XDFPI,GKMYJ,1487
HSTTW,XQYWG,478
SEYMT,IQXXW,1128
XACKK,KTESC,563
EMPTY,EMPTY,-1
EMPTY,EMPTY,-1
UTCYM,AXRRL,325
NQQDW,YZPFD,1295
TMRSS,YFYLX,1394
EMPTY,EMPTY,-1
QIXJC,NWTEL,1361
EMPTY,EMPTY,-1
WLMAL,KFISJ,687
RKBIU,YLNQJ,810
QMAIF,TPWZS,1451
EMPTY,EMPTY,-1
ULSMS,IUUVG,31
MXEAX,WFIMZ,1031
XWGJR,WYDNQ,468
XASRN,GVRVO,1061
VQOZM,QLVZP,110
LIWXI,RDQHH,1006
PPTVN,AMWOD,275
YKIYD,UXBGN,536
EMPTY,EMPTY,-1
EMPTY,EMPTY,-1
GSDLK,EYRZJ,1183
EMYEU,UDIPK,331
AIYJN,ENADV,602
IYWCG,EGQHC,713
SCCYW,DZDGY,577
KLHKZ,XEIPA,605
PBQVU,NSOFU,43
MFNMY,EHSFT,1004
EMPTY,EMPTY,-1
KTJJM,TPNMM,477
WMBRB,HGBLM,268
KJQOW,ARSWH,158
JUMBH,NEVYD,500
EMPTY,EMPTY,-1
BZSRB,QCQXU,1358
PBXPM,VZRSB,945
CHTQW,PTLNZ,1397
PVNDC,BSHUT,977
EMPTY,EMPTY,-1
SZBMS,YZBTK,628
PIHWU,DIHVS,1291
RKKDD,LBSVB,1127
EMPTY,EMPTY,-1
EMPTY,EMPTY,-1
EMPTY,EMPTY,-1
EMPTY,EMPTY,-1
FRYZR,BWNZR,458
GINIJ,QPGIE,293
AOCLU,DJRWU,329
GNBEL,WDRDF,103
BPZMM,MUCSG,502
DMJZZ,GUEQA,1026
ZBWSC,JAFVS,1086
TEJUA,FOWYM,249
YRJOY,FPGIK,515
SIPSU,KEZSO,738
HMCAC,GLYZF,1047
JOYQQ,FFBFJ,15
LYWNR,YUSYA,739
LPZZB,APWNR,1074
GVOAA,BKYPR,1425
EMPTY,EMPTY,-1
BYIVH,PBLZA,428
EMPTY,EMPTY,-1
EMPTY,EMPTY,-1
WYPCE,YNFHL,1118
FCJSC,GPGFW,265
YJGHH,BLIDK,162
BZTZR,EEUZN,187
FSFKW,MWQCK,197
IONTO,VKQBE,706
ZEFHG,KAVKW,572
PFRLS,ATLUR,474
IXLAW,TDHZD,1481
GFXEB,BDEDI,734
WYBCY,VJSZQ,1449
IIPFL,QWVRI,1357
EMPTY,EMPTY,-1
XLPUS,HIGXF,225
QHICK,YSZNE,898
MHRAB,BAOTU,1226
EMPTY,EMPTY,-1
LEAXV,KQOXV,1241
ZMJEV,OPRGL,582
EMPTY,EMPTY,-1
XUBMF,HFJYC,1308
MCWNY,RLRSR,246
NGFTH,XONUU,374
XZCPC,NFMKR,848
QABVC,TBYCX,1001
QZUJE,URTHU,404
YYTBE,PGFZT,463
UHQUJ,OONSG,444
NGKWA,MIKKS,568
NDRHP,FUGHA,980
DDXYV,EQMDF,10
FBKBY,HYHBV,75
JGPJT,LYYBZ,1432
NMFTM,XSYBY,185
RVXAA,AUNIK,92
MFMSJ,SCXVB,1011
LUGEG,MSSSS,13
LHVCU,HMKFF,613
ZAKBE,MTBMK,83
QETJP,UERFN,1053
MOMPC,TOYZV,1085
PZIUO,MQAJF,1253
ZVAHQ,WBJVY,222
WJMLI,VCMRR,1238
MYFGZ,METJJ,1225
ZBMLH,DCAOD,35
GJKIG,AERZR,344
RCTLB,NICAH,732
EIHSC,MCGTW,195
XJTVH,DVIJG,619
XIHHF,AWZCC,53
WAJHV,SRQXD,420
EMPTY,EMPTY,-1
PXRCF,SNZZG,351
RYRKA,OXGGA,455
WPAXW,MBXKM,47
HLJNW,TKMMR,691
EMPTY,EMPTY,-1
LXGPA,FWRJA,1029
EMPTY,EMPTY,-1
GGKYR,WJNFW,897
STCZI,KLFFP,1325
XPYGM,JCHVS,889
EMPTY,EMPTY,-1
FFLFR,FCMFI,1036
GHTGG,PHPAK,314
HIRMS,QRNTP,372
OHSXK,LAGNN,770
IVTSV,EGBCQ,370
XPPND,XBWTQ,529
MYSPM,EKIUC,938
JCXQF,VRWRX,1463
KPYFU,ZXFRE,1455
EMPTY,EMPTY,-1
ENCJM,WUIIJ,290
BKTNW,BBDCE,1470
EMPTY,EMPTY,-1
WEYIC,LLYHX,1302
TZRJU,CBXVQ,1444
PYXYX,RLEJP,1446
AXPZB,UQQJZ,166
TOFCP,UXLYR,606
XKTEE,KZGDY,718
NEPVM,KKFSV,1448
EMPTY,EMPTY,-1
ZOWRD,OXMRR,1106
CCTAF,NHYVW,1342
HOGCN,YAQRN,715
EMPTY,EMPTY,-1
DKLWE,MBWOE,1467
XQCJZ,VSPQB,1135
UZGKV,BERXU,1257
QWJIT,BGQOZ,298
ICLXL,PWINX,1228
EMPTY,EMPTY,-1
HSNSB,LBKLL,775
TUWPB,KJVQD,1083
EMPTY,EMPTY,-1
JFZBJ,RYBLK,269
GRKNJ,DLQXJ,954
HXSWH,XMOIG,544
UDZRV,PMIOT,756
BXCAU,BUAEZ,1453
EDEDO,IHTFZ,24
HIOSY,KTAVO,1105
NPXZM,NUBUT,475
EMPTY,EMPTY,-1
YPDDR,ZOKAC,762
YLVZK,BMVFB,1075
SGFDZ,ZDXKC,958
LYLCM,OGOTU,3
BHOYU,SNTTS,789
GGDBN,HQXJM,671
LGPEM,QKWVX,1231
EMPTY,EMPTY,-1
OSBVF,GVWGS,1217
AVRRJ,GOTSL,12
OBEPS,TIIFO,1111
QFHWF,JQRPN,1464
EMPTY,EMPTY,-1
THCAI,SULOW,530
SSRDH,QPQRD,16
MGEQF,AOFSO,523
MQUDT,ZVQBE,206
KLXJY,OZZMY,439
CVBFA,MWHHU,521
MVAGH,QGPCH,1330
HQLBK,VRNRQ,904
GLZZQ,HKYIK,119
THDYI,PJXOA,743
PXBHZ,NOVJG,78
EMPTY,EMPTY,-1
TYQQP,YOCSU,518
EMPTY,EMPTY,-1
OIKSK,SIPTG,1371
KREGB,YHMXY,292
LZHSV,MCORX,1010
CYLAR,LAWSF,992
NZDAV,NEOTX,1192
WODSW,LCBXY,145
BRLVO,TDEWQ,1025
SFEOK,NRHGQ,122
YOYIO,BXJXE,1290
EMPTY,EMPTY,-1
EMPTY,EMPTY,-1
BTPNV,XHKOJ,821
PNYST,TQQSE,115
DNHFA,VFWRQ,1157
EMPTY,EMPTY,-1
ELNLV,LSSUQ,975
XGMOQ,SZPSH,1092
QLJYS,ULHGU,781
EMPTY,EMPTY,-1
SVYAC,PFFTQ,650
QMKZD,UGAHY,296
BQMUA,HIZHK,90
LWPTU,DHMHK,660
EMPTY,EMPTY,-1
BGIRD,NKRSS,902
QYSYJ,CTJVH,777
UGFHE,WXXWJ,1021
ZEKCS,QPQPR,1152
ZYKQA,JQDUW,208
SFGCE,UHYRS,358
IIJNH,CIMHZ,391
FZOWC,FBZSH,1234
TODIZ,FDGUU,1209
XULNB,AGOXE,741
UZWAC,QJUAW,906
YEKXA,RRKOQ,677
VJQSC,EMMJQ,721
IQZOD,EAHVD,547
DUSET,UPEVI,689
WYBNK,BICLM,1041
NEEMR,DBVTK,1405
KSBGU,RJWLW,1173
EMPTY,EMPTY,-1
EDLLM,BFIAP,1218
MRPCA,METYC,664
PBTTB,ZAFTC,991
EMPTY,EMPTY,-1
EMPTY,EMPTY,-1
SYABC,EBNHE,179
RMXPW,AMJYC,528
EMPTY,EMPTY,-1
EMPTY,EMPTY,-1
VAFIQ,DZCWO,986
UIFJS,JSWME,769
OLHOI,ZLBEF,653
EMPTY,EMPTY,-1
CIKBU,SNIJP,736
YKOGK,HLPYE,235
LJPNP,KUBAX,665
SWSEJ,DSPAL,642
WAAPC,PDJPD,1461
SOZNL,IBVNZ,1489
EMPTY,EMPTY,-1
EMPTY,EMPTY,-1
EMPTY,EMPTY,-1
ISDSD,WNGST,1468
EMPTY,EMPTY,-1
EMPTY,EMPTY,-1
EMPTY,EMPTY,-1
XJOZB,VBZFW,108
ENDCY,LADCO,578
YBTEC,VZXAM,722
HBVAH,DSOAB,1078
WNQRJ,FZQGA,791
GFOHC,CGWRK,231
EMPTY,EMPTY,-1
EMPTY,EMPTY,-1
FKOLF,SOVJT,1348
EMPTY,EMPTY,-1
EMPTY,EMPTY,-1
TNHTD,MRGKC,272
UJMZR,XREHL,295
EMPTY,EMPTY,-1
VFAFF,SVEWT,1202
ZGYEF,LLYHS,555
MYWTS,TIPRY,1125
EUIBY,RQXAS,307
OBNHC,FVITB,381
EMPTY,EMPTY,-1
TDLHG,HASWQ,1282
NXALM,GLRSJ,1328
RPRRM,GBWEX,1093
BLNBR,VUKMO,1281
EGHRP,QBTMW,132
EMPTY,EMPTY,-1
EMPTY,EMPTY,-1
EMPTY,EMPTY,-1
JYIFG,QEVMW,829
QRERD,QXEFW,1376
EMPTY,EMPTY,-1
VNEGT,HFHZT,490
MLIGG,WTCFN,1050
NDQQY,VEGQE,520
GCFVU,IFBPG,592
RKMVO,QYIDK,918
TPBCJ,JWZSN,200
DMLLO,AJKMZ,1156
IBZWK,RKKGO,1126
JJAWJ,IQCEP,968
ASKII,ORUBJ,1002
SOMKX,UAEDF,1293
NKWZZ,JTVAW,1327
HHSNZ,AVQLX,735
TCKDY,UNBZW,148
XYINN,ISUHL,50
ZEUDM,TIRYQ,1142
SGPIC,YWIFZ,473
TUBXR,PFVPL,84
OZEID,XRZTM,971
TAZNC,FPWFK,1160
ICYYG,XPHZA,988
HMARX,RJLKI,69
WBPWW,USQGG,839
IZBPZ,CZODA,800
GLAYA,LZVWO,763
WDPXO,YJOXX,346
OFHLQ,DUNBV,646
QUYQB,KDRSG,241
EMPTY,EMPTY,-1
DPMQL,MTWZL,861
QJXYG,CSTFZ,61
FULCC,GHLGF,910
EMPTY,EMPTY,-1
EMPTY,EMPTY,-1
EHWGA,DKHFQ,1254
EMPTY,EMPTY,-1
ABGBQ,HDQYM,274
FTCYH,LUCUZ,1051
BZPJD,QPCET,1133
ZZRKA,FFCOA,0
CGHFB,XHVGZ,465
VMXUR,EWTLM,698
QYVTS,HEQQF,19
NBIHE,AQPLX,1172
EMPTY,EMPTY,-1
WMZMT,KLBUD,1413
LLEPS,GWOLW,194
DMKID,IJGEG,262
DSSJD,MTIIH,678
MPSNN,ALEVT,253
EMPTY,EMPTY,-1
EMPTY,EMPTY,-1
PSYUE,VTMSA,1390
GKTWV,EEVIS,1396
GLHIL,JDTZD,448
GYHES,ZNGVY,639
MGIWN,AYUDN,1435
EMPTY,EMPTY,-1
JCCDV,JQNJG,1303
QQEXN,HFDOR,1418
GPGFV,KVHLV,509
ICNCW,JDCQN,981
VYJYE,JWGLD,239
OGWPK,JVRHF,755
XORLT,MBPHZ,434
WWNDH,YZIFZ,138
CYFFW,LXDPR,974
NLAUO,FBGAO,884
ENRCL,MIVUF,384
TRGQM,FAXLV,180
XXJBT,QOVEC,376
FNKEV,GTZHF,359
BGMZI,MZRYJ,1339
HVZRU,EITWD,54
TTIAY,XUFLM,66
QSLHR,QGZHN,438
CUEYX,LCLZX,1347
ANTLJ,DXGLJ,390
GJFNR,DNULY,497
NDEND,EZDGU,171
KEGBC,EUXMY,440
FKYUR,BFVBC,1400
JVOQV,AOMDG,62
QLVBQ,FUUQY,557
EMPTY,EMPTY,-1
EMPTY,EMPTY,-1
EMPTY,EMPTY,-1
UZMAD,HTGIG,1077
ARQEV,CIOTP,862
EMPTY,EMPTY,-1
EOWBY,GUTVO,1196
EMPTY,EMPTY,-1
EMPTY,EMPTY,-1
WZWSW,BTXQM,133
TTMNW,DAMWF,159
TNNNC,EHDIL,415
IOJUN,UHQLF,959
VINNG,QAOKG,961
DCALA,YTKMX,217
KJYYB,GDHNM,876
JBMAK,GOLKG,640
EMPTY,EMPTY,-1
BZFYD,CPWBF,840
KFTIQ,TDGNL,312
PERRO,ORJRC,1277
IJLIB,QDSRV,287
EMPTY,EMPTY,-1
OYMCU,CSQBF,1431
NWJYS,HGJMP,1278
CXHKX,TXJSU,1204
IKVDZ,DOHRM,337
DUBHF,EVDDA,311
NUAVR,MAWID,550
AMVRI,CRNET,1350
REEQD,MAPLB,1107
GRSQA,XSCGO,1373
EMPTY,EMPTY,-1
EMPTY,EMPTY,-1
WUFMD,QRZVT,363
EMPTY,EMPTY,-1
EMPTY,EMPTY,-1
EMPTY,EMPTY,-1
EMPTY,EMPTY,-1
EGKOL,MBMPC,675
TMCPC,DHGSF,1040
MWHJD,LANJP,517
EMPTY,EMPTY,-1
EMPTY,EMPTY,-1
HRVBQ,TOZJX,1150
EMPTY,EMPTY,-1
QKQYT,MADSF,503
TQVBR,XXQQN,1252
PVMLU,BLCYZ,330
AAOFB,AKMXB,1408
QPJJQ,MMNNA,199
VGUZU,XHGVJ,645
TEOCV,NQKID,499
NNTKI,DTONV,1120
ZBYYW,SHXAW,803
MPHOV,ZPWZA,1147
EMPTY,EMPTY,-1
EMPTY,EMPTY,-1
POWAZ,OCZWX,451
EMPTY,EMPTY,-1
BJIGP,USANG,153
TGATT,SFEIW,783
XHRSF,BUOJL,844
ZQGJB,FUDBH,1132
EDIOU,OGNZO,641
FMBOL,ZAOLY,609
FXKXN,QFPMS,151
TJTAT,IBNKY,569
WBLMN,THHYH,100
FBELD,LAQJG,283
GGYKJ,PWXBP,486
EPNNJ,SEVWZ,433
KHEZB,AFIHE,324
UQQXS,RNFEH,28
JUTTS,NLQXR,165
GVLKO,BDGTJ,116
OTIXQ,GTCBH,1441
EOFDK,AVSTE,1286
VAHCK,QMXSP,780
AHKFN,JQHWM,1335
RPTAG,UFAUQ,188
YRNNR,CJPBP,1203
PPXQY,RFGRJ,949
KFYDB,QKTJO,190
DDKPF,NMANY,1214
OHCGL,FSKDH,464
TZTSN,XLFOW,469
MQMID,XWHQQ,881
NDKSQ,VEIWN,879
EEZLZ,GQMIY,1420
BCTSQ,XWFJB,936
ATUND,HWYIT,263
EMPTY,EMPTY,-1
EMPTY,EMPTY,-1
PHZIN,MIPNP,1372
YUEKH,OEJGW,1119
EMPTY,EMPTY,-1
RXTGM,WYAQO,1167
PQUNL,LZWIT,733
EILTC,XAPBA,787
EMPTY,EMPTY,-1
MWZZK,ZOBYU,1457
EMPTY,EMPTY,-1
EMPTY,EMPTY,-1
EMPTY,EMPTY,-1
EMPTY,EMPTY,-1
EMPTY,EMPTY,-1
SBOLZ,YSXFE,102
MRXJO,BLXFD,973
CONBU,UQZRT,1427
EMPTY,EMPTY,-1
EMPTY,EMPTY,-1
EMPTY,EMPTY,-1
BQJTO,DZAFL,919
NQOXM,DUTLV,856
TCGOD,QHOCE,674
ABLGH,ZFMPK,804
YOXOQ,IRGXB,91
HMZUO,TSSEQ,413
BUFJE,UKYZC,193
NYTPU,EVPJT,956
CMOSK,KACNF,237
EMPTY,EMPTY,-1
EOOUE,EEJSA,167
VKRRE,WNVQX,797
EMPTY,EMPTY,-1
VCSHT,SEDSF,697
EMPTY,EMPTY,-1
MQAAW,UMWBT,1355
EMPTY,EMPTY,-1
EMPTY,EMPTY,-1
QKYLL,WFTHX,146
OKYUC,LCXXJ,1200
XDMCC,DGXHV,1256
FGGIK,KNNKZ,408
OLZPP,TUWQX,1164
HRBBR,WJDUJ,406
AYUQL,KHYHX,933
EMPTY,EMPTY,-1
EMPTY,EMPTY,-1
KAEIV,PPKQB,289
FQKLB,HTLKZ,757
EMPTY,EMPTY,-1
DLYMR,NCLXS,452
EMPTY,EMPTY,-1
CSJIW,XQNBZ,220
EMPTY,EMPTY,-1
EMPTY,EMPTY,-1
FQLOM,ERKAF,326
KBYQC,IYMEZ,1038
JAMHT,YSXDZ,49
SLQYB,NQPFG,703
STOXL,ECGZO,1094
UGCWZ,SVAYW,1023
PWIUO,UYUPF,21
EMPTY,EMPTY,-1
DFLAX,EXXNY,657
YXQNL,NVLGW,104
TVVXV,HHQZC,896
OENYY,DETII,1146
OZYXF,BCZZN,82
VMYCG,QOCDN,393
GRFHA,BDWYK,541
ZFEKZ,CXICE,668
NDXGU,MCAYP,491
IFSEB,FFAUL,581
JHVGT,JBLZC,354
KBZXB,YWBDJ,1232
EMPTY,EMPTY,-1
ARLQO,JISMV,580
BVZCS,DGJCG,948
NDHXB,JHBDL,1349
CJANA,INBRV,1076
QPKOB,TGNZN,1063
HTLUY,BMGRV,419
EMPTY,EMPTY,-1
AXQBU,IPXNM,20
WLGUC,JOTOT,1005
EMPTY,EMPTY,-1
EMPTY,EMPTY,-1
EMPTY,EMPTY,-1
ZCNOT,FSYIA,367
VVNZE,UNEUD,418
EMPTY,EMPTY,-1
EMPTY,EMPTY,-1
BWLEA,QQYUA,799
RRSRQ,GSVQW,234
LQIUI,VFWFM,136
WSOEX,RGAQZ,112
BQTRJ,KFECQ,1474
EMPTY,EMPTY,-1
EMPTY,EMPTY,-1
HEOZF,SPVTL,1027
DSGAS,YVCPQ,1314
EMPTY,EMPTY,-1
HKFSA,LRVZU,1471
EMPTY,EMPTY,-1
KZQBM,IAWAY,495
TWBAS,PBCKV,1130
YGZZX,SSLST,1037
EMPTY,EMPTY,-1
LAOFN,GMWVX,1386
LNRZB,PTVQB,397
RZOTG,NBEBY,516
EMPTY,EMPTY,-1
EMPTY,EMPTY,-1
GNETN,POIZG,758
RNGYO,LKDCX,163
XLWMZ,JIAGB,9
DGDGM,TXNMA,600
DFBAR,SYOLO,835
EMPTY,EMPTY,-1
GEMZB,MGQSV,615
EMPTY,EMPTY,-1
EMPTY,EMPTY,-1
UQUFZ,JFJVR,570
YSYXU,QZZQW,223
IEEWY,PTLFI,672
CNXKF,TBYEG,1249
ATKPX,IAIVS,574
EMPTY,EMPTY,-1
EMPTY,EMPTY,-1
EMPTY,EMPTY,-1
EMPTY,EMPTY,-1
EMPTY,EMPTY,-1
EMPTY,EMPTY,-1
EMPTY,EMPTY,-1
EMPTY,EMPTY,-1
EMPTY,EMPTY,-1
LJKUS,DBPBD,511
GVRRV,OIUDY,1165
GMZHI,GVBHO,905
WKSFT,PUCMI,244
EKLIX,KXYKN,174
WLMCT,JSRLK,173
EMPTY,EMPTY,-1
HILHG,RVVBK,696
OXPRO,SOQKX,745
RJAVG,DFZSH,196
KGWBB,XYXZI,1113
MGDVK,YQWIP,766
CDVGV,EJYJH,947
HNIJD,OTYOJ,880
IYSCX,COATI,751
NOENR,HSXBZ,761
CAONW,PKMEQ,725
JOMPE,IUUPP,941
SZSGM,LLBIV,1189
EMPTY,EMPTY,-1
SATKY,DTYZQ,865
XYUBU,OJCWJ,371
RFGQB,FXBKV,1178
EMPTY,EMPTY,-1
EMPTY,EMPTY,-1
ZVXJU,EPGXC,1246
EMPTY,EMPTY,-1
XMPRF,ZHYDX,1000
NCYDH,KULHZ,1287
EMPTY,EMPTY,-1
LNAQW,BBHFP,1171
EMPTY,EMPTY,-1
KYSUF,FKFRK,1391
VKHQI,CPKRO,437
HONQR,LHUDO,480
IZJWQ,CPIXL,493
OIMMH,KZRUQ,489
RDWJD,PKQGK,765
FMYGC,LQCZU,996
EMPTY,EMPTY,-1
EMPTY,EMPTY,-1
EMPTY,EMPTY,-1
EMPTY,EMPTY,-1
MHSXE,NMOVY,978
LJIAQ,ZMGBB,1102
KTILM,JJCEL,271
OYTBS,UPVXZ,134
EMPTY,EMPTY,-1
XLBEW,AMGPW,255
EMPTY,EMPTY,-1
XAENY,XGOZT,1429
VCTJU,YHENL,462
CTXYE,XQVEI,143
JLZAM,LOFXS,8
FLGWT,OPDEL,753
CYIQK,ITFCH,1212
IDNOM,LFBNH,405
VAJPT,CQYRA,355
EMPTY,EMPTY,-1
WQVSR,KBZVR,850
IJNGX,JONXX,453
BVDPR,FEHCG,1333
XWVVN,TLVTZ,1067
UIUJJ,YVCIB,667
HARVC,ZZAAX,598
RMZPD,TSAIM,957
FFKGF,OBDIK,1117
FQMEJ,XBVJK,224
ARXGN,TWAHB,1068
EMPTY,EMPTY,-1
RALWG,OKPGT,1129
NPOTH,OGCGT,401
RBINM,OBJLD,864
NQAGQ,YCZGS,571
QVBDH,UCIOH,1473
EMPTY,EMPTY,-1
QCQQP,ADVYN,1229
FBNXO,HJOZI,117
EMPTY,EMPTY,-1
HNFYO,QHRCI,214
EMPTY,EMPTY,-1
TDSUO,JAXUH,70
EMPTY,EMPTY,-1
EMPTY,EMPTY,-1
LTHDK,GSXKN,288
EMPTY,EMPTY,-1
BPNCY,SCDUV,396
NDZXR,ETIBZ,960
EMPTY,EMPTY,-1
WBXFE,YYKBL,1401
EMPTY,EMPTY,-1
FEKPF,VIUKC,1032
EMPTY,EMPTY,-1
EMPTY,EMPTY,-1
IYTYM,WVBMC,342
EMPTY,EMPTY,-1
EMPTY,EMPTY,-1
APQCX,LLVJU,717
ZHLMK,JTDXN,630
GKQEZ,SFBAU,494
VZLQR,JHMRO,648
IETMK,LHOLM,1210
EMPTY,EMPTY,-1
EMPTY,EMPTY,-1
UWUWL,IWRBC,552
XFWGN,OSZXW,315
TZVOZ,UHFQQ,1168
EMPTY,EMPTY,-1
LHTYP,YFHVA,618
WONHP,MIDXV,875
UWWWM,HYTVJ,259
MBQZH,MDMSC,52
DVEUK,WIMDI,702
IYKVW,LEARM,1384
AYJSL,JDAYB,573
EMPTY,EMPTY,-1
EMPTY,EMPTY,-1
EMPTY,EMPTY,-1
MKDXB,NNUOB,749
SXKNC,GKMMR,548
EMPTY,EMPTY,-1
EMPTY,EMPTY,-1
EMPTY,EMPTY,-1
EMPTY,EMPTY,-1
QBRAW,CEPTC,484
VZDEP,BGLTR,587
AADPO,QIGKL,310
EMPTY,EMPTY,-1
JRFPV,XOCKV,343
EMPTY,EMPTY,-1
EMPTY,EMPTY,-1
EMPTY,EMPTY,-1
CNUOY,SXGRA,348
HVDVH,XHVGE,1170
EMPTY,EMPTY,-1
EMPTY,EMPTY,-1
EMPTY,EMPTY,-1
EMPTY,EMPTY,-1
EMPTY,EMPTY,-1
LZKTF,BXEWJ,232
EMPTY,EMPTY,-1
SGDKA,ENDPQ,382
BQUDJ,JNMIV,913
EMPTY,EMPTY,-1
XOIDU,GJWSB,1340
QYZZY,TWKHN,1332
XZVAC,HNVZY,553
IPAYH,EPCTQ,389
NDZJO,XAIIT,539
IWYGD,PDZED,278
LAQJP,JMCSL,456
ZRMKD,VEJLU,526
PJOYT,YPLVU,1305
DXAUP,TXFZA,1099
NTJDD,ZILPN,551
FHWKM,IKXQD,712
OLXHF,KZESK,498
SQHBV,UXEYN,1488
ARGBG,TRIKE,332
EEGMS,OJWFT,750
SYMWP,RNPPP,549
EXWBN,OGJSO,608
ZKPFO,DDJNE,392
EMPTY,EMPTY,-1
EMPTY,EMPTY,-1
LOUHG,XMOXP,680
NFVXE,YQFUA,192
ZWIBN,AWQLG,1313
EMPTY,EMPTY,-1
EMPTY,EMPTY,-1
EMPTY,EMPTY,-1
EMPTY,EMPTY,-1
EMPTY,EMPTY,-1
WTTCD,OTCWV,972
MLSKT,ZCKBF,409
QQMQN,OZUYV,309
CDIVB,HBSTK,1310
EMPTY,EMPTY,-1
NBXIA,KEKFL,101
IXRKB,TYMXX,914
GDGDQ,GDKOL,169
JVKXZ,KOJDT,172
FSMUA,BYNTC,1410
EMPTY,EMPTY,-1
EMPTY,EMPTY,-1
AILLW,RTHPI,1230
LSEPI,DWITQ,1198
JYUIJ,CDKLX,1014
JPBCV,YTGIW,1100
OBEZU,AJACE,67
EMPTY,EMPTY,-1
EMPTY,EMPTY,-1
BTYMM,BQLUZ,997
FTBNV,LXIWE,1469
EMPTY,EMPTY,-1
GVIHL,VZDHF,120
MGMRN,QUTCX,893
UMHWC,PTWHV,907
EMPTY,EMPTY,-1
EMPTY,EMPTY,-1
EMPTY,EMPTY,-1
ZOCUM,SFQFU,1262
KCLTL,GLYJQ,155
USIKN,JPAAR,1417
EMPTY,EMPTY,-1
PXYJB,EQWYZ,1336
EMPTY,EMPTY,-1
EMPTY,EMPTY,-1
EMPTY,EMPTY,-1
EMPTY,EMPTY,-1
EMPTY,EMPTY,-1
EMPTY,EMPTY,-1
EMPTY,EMPTY,-1
EMPTY,EMPTY,-1
ZXLYQ,BUFHP,1414
VUIWW,RJCXQ,1306
KDZDW,ETFNM,633
IKASZ,CPAZW,527
YKUHO,PBXUU,845
SUBFM,SLEVY,908
JCAPM,TFKUB,1317
WTRVC,YYHDV,1261
REYDS,JOLGS,1276
ZJSNT,KDXLH,510
YSWTB,AVGED,634
TTITT,LWVSR,250
TUIAF,VUIIE,161
EOLOV,OAMAJ,178
KGGTO,OCFYP,364
WITSV,NLUTM,654
EMPTY,EMPTY,-1
GXKJK,TCDTX,149
PDWNZ,AYMGL,1381
AVNAP,ETGTM,1411
QDZRQ,HUFCP,535
ZPSOO,WNKMV,1456
PVFTA,UEKHQ,934
EMPTY,EMPTY,-1
GLVLP,JNXMG,1434
GUMSB,QNUJJ,575
EAORY,HQUCW,944
YLMKS,VCAJQ,816
VCSAI,ITACG,58
GLLQM,FOMGQ,352
EHWEK,OKSBA,643
SCDWW,SGNJK,319
EMPTY,EMPTY,-1
FKPAJ,DWRKL,807
MLNJV,CEPCR,176
GODBN,OJIHM,514
OTSPV,YYXHT,299
EMPTY,EMPTY,-1
VCGQF,ZBYHX,903
NMPGA,MKYPZ,300
VXMAE,GEAUG,1003
YXAYD,XIQOJ,81
GMREG,LJEXW,1016
EMPTY,EMPTY,-1
DYVWO,NJKGD,744
DWTQF,JZSFR,1389
MHCPU,ELEDI,969
OGIBW,QXOIU,1034
EMPTY,EMPTY,-1
MEHKW,WLJKQ,1482
OXJFC,CKSPF,1
MEVKJ,URQCO,360
TOTGD,MNZTF,1486
CZFCC,LTCME,891
PBMJD,EXKOI,2
ZSLFF,YDXBC,794
BKUGV,CMGFS,826
CHDTB,VGBTW,1108
GSYXI,QXJFJ,1268
EMPTY,EMPTY,-1
EMPTY,EMPTY,-1
YEKXG,RQTQM,937
EMPTY,EMPTY,-1
GEDGI,BGNPT,345
EMPTY,EMPTY,-1
EMPTY,EMPTY,-1
NOTNZ,FCCXM,34
ALBOE,QFLPC,524
XLBGW,YTIPX,203
IJXUP,SYSWA,279
EMPTY,EMPTY,-1
PODRB,QAACJ,565
AGNUK,XQQVE,686
RMVGY,UWBBP,827
BVCCM,PTUVN,930
EEVLC,KPDEW,318
JMEML,XQOPM,95
IRGMG,EBHYM,730
EMPTY,EMPTY,-1
MMKGG,NADIH,940
EMPTY,EMPTY,-1
HQSWA,XTCUP,55
JNEPE,RCKBF,1081
EMPTY,EMPTY,-1
SEROH,JBECN,1375
EMPTY,EMPTY,-1
EMPTY,EMPTY,-1
EMPTY,EMPTY,-1
KVSSB,CEDJH,638
EMPTY,EMPTY,-1
PSRCT,NZQBT,380
EMPTY,EMPTY,-1
KLMCH,ZGLHI,1437
MBPTK,VLTBD,1114
YQJMM,QAGQR,1179
PKVGJ,MYINB,1424
UJFTZ,KRDMX,754
GLMUP,BJIYJ,1181
XJCKW,XIZNA,18
FKDZY,THPMU,1166
NQVKZ,TDFUH,1222
JRYEG,SSOOF,1145
EMPTY,EMPTY,-1
EMPTY,EMPTY,-1
RKHOO,ACOUD,1298
EMPTY,EMPTY,-1
EMPTY,EMPTY,-1
EMPTY,EMPTY,-1
YKTRY,KRAML,1440
EMPTY,EMPTY,-1
WPPAK,MRFSU,1101
FXIUI,PECHF,219
EMPTY,EMPTY,-1
WTCUM,BHKIQ,1403
DCLQP,HHESJ,260
IAUII,TIQKJ,427
DKCSR,QZCEH,894
MFSIE,OKGHE,854
EMPTY,EMPTY,-1
EMPTY,EMPTY,-1
NRTPU,HUPRE,399
EMPTY,EMPTY,-1
EMPTY,EMPTY,-1
LWQWI,NGQNQ,1233
EMPTY,EMPTY,-1
EMPTY,EMPTY,-1
EMPTY,EMPTY,-1
CVRZP,ZVYYG,362
EMPTY,EMPTY,-1
QBJIH,CHSLW,60
EMPTY,EMPTY,-1
TBKCB,EYEOE,1395
WHGEC,FFBSC,286
ZMAON,CURLO,242
EMPTY,EMPTY,-1
EMPTY,EMPTY,-1
AVCWB,COPYY,256
RZJKT,LIJNY,719
CQQBE,WFADI,588
NMIJR,PQUFS,1477
KDUOK,KGMIH,77
TBYTK,QYQTJ,1044
IVYUY,ICIPF,951
CFLXN,TYCJD,1137
OSWFY,GQZXO,356
ZTMPQ,AFTCO,806
FZKLP,RUBEF,1374
ZATME,PWZWR,899
VQGTA,FETLD,1370
EMPTY,EMPTY,-1
INFGS,BWCZB,1483
MJMRD,CCZJK,340
GIQJY,GBBFG,909
CQJHW,XQGPS,30
NEQKW,VBJXL,1072
CUQKZ,OIFKC,1362
NPPKQ,PKTBK,280
YORPQ,ONDWR,708
EMPTY,EMPTY,-1
EMPTY,EMPTY,-1
SLQPA,GJIHS,230
PXOOI,IJXFS,1392
WEYCT,RVWUZ,614
GKGCM,THNHL,109
HYPDV,NZRVG,508
CIMSU,JFZEI,620
IOUCX,RMVHS,752
KAOOS,AKLKJ,1297
GFYPT,OWAZP,212
XZCXI,WDKQN,805
UXHTN,OCTNJ,111
EMPTY,EMPTY,-1
ZIDVN,PZDGE,429
LYWSM,XXPGG,321
RWGKD,LETSW,1148
BOIKX,YLHTB,586
KGBUL,RABIH,154
GHITK,VRPFN,632
NFHWR,BBECH,819
WSIXQ,YGTOI,1248
HAJXM,WUYUS,1143
EMPTY,EMPTY,-1
EMPTY,EMPTY,-1
NKKEG,RTIKY,1055
TRBBV,FFKIR,267
PLYPD,NVCZM,1443
XZDAB,JAEJM,900
EMPTY,EMPTY,-1
ANZPR,RRXSM,42
XIOCQ,GKCBE,1191
DLBHD,LSFHV,731
EMPTY,EMPTY,-1
LAPAI,EXJBT,1379
GXWRW,PBBBH,784
PFKYT,RHRCV,670
EMPTY,EMPTY,-1
EMPTY,EMPTY,-1
EMPTY,EMPTY,-1
VDMJM,NXLQF,1495
GRLDA,AMGWU,205
EMPTY,EMPTY,-1
FWIUM,NISQJ,1237
WNMAN,TXZJG,507
RQDJM,KPNRR,1096
CBLLP,VJZJN,1019
BBELB,LKWPU,25
RMOUB,VOIFI,361
EFJST,NNWTT,481
EDXRQ,JWYNX,123
TNKPL,PVAMA,137
WQNLR,JUDLU,852
LSINE,ZXQSW,701
JZHNW,ADSIE,771
GYQAP,XQZOG,1284
KLGOU,TQGVP,1033
ILUMD,QYUQZ,882
KQSVZ,SBYTX,943
SISXX,SIKPB,333
RRGUQ,CNHMG,385
AXYJY,XWIPY,693
GZRDC,YIDPC,1045
LNJSD,ONJGW,412
LJVNJ,YVZVN,873
HSKBH,QFETU,1024
ZJGFL,PXWCK,1177
EQIDF,VZEQV,1406
LTKTE,LHXBG,617
EMPTY,EMPTY,-1
KUKDI,SGCIQ,1387
EMPTY,EMPTY,-1
AIPVG,UJVIK,1169
TFMNX,YKCLQ,596
GOBZX,ZULPE,1175
NRGRG,MEQJN,460
RAGUP,WBLEP,612
HZIVM,CYBSL,611
NNRXG,XMXSP,479
ZTNJK,LDPKV,488
ZYRJL,YCOMP,773
UEMGU,FROQD,33
REFBS,SIGLP,699
EMPTY,EMPTY,-1
UNZKG,XUNWA,790
FUAJK,DKOUP,1104
DQGWQ,DLGXY,1123
WZQXB,DRZGP,1452
WVLII,LPGJC,97
ZDBDS,EJDNL,184
EMPTY,EMPTY,-1
EMPTY,EMPTY,-1
ZMRYM,RKRHU,874
EMPTY,EMPTY,-1
EMPTY,EMPTY,-1
IFWVR,POZMI,368
EMPTY,EMPTY,-1
FFHAG,LUNAF,64
EMPTY,EMPTY,-1
XHAJV,MQSIV,860
XDHUL,LSIPR,248
JRUKM,MXYJF,801
WKRRE,PRAQF,17
EMPTY,EMPTY,-1
EMPTY,EMPTY,-1
OPNXZ,KFAHO,872
WMTPU,XTFRH,916
CWKEZ,UQSVN,627
OLCWB,LTJUC,496
WJJFU,TSFLJ,285
BQPTO,AKENK,4
MELBM,DVSBQ,302
EMPTY,EMPTY,-1
EMPTY,EMPTY,-1
EMPTY,EMPTY,-1
EMPTY,EMPTY,-1
UHQGO,EDBIU,164
DQKAN,BTWMU,435
SYUDG,KCJBK,1207
EMPTY,EMPTY,-1
EMPTY,EMPTY,-1
STPYY,EUSAQ,68
EMPTY,EMPTY,-1
EMPTY,EMPTY,-1
EMPTY,EMPTY,-1
WPVGH,AZFEX,1367
WGRFQ,ELYAM,93
GMTIA,LSJSI,1279
FRZQZ,KXZAS,925
EMPTY,EMPTY,-1
ECTNW,UZDCJ,859
EMZET,BAVWH,994
FDARG,KYCKY,1095
OAIIA,ZZELL,1419
JWWZF,QBEDL,1185
ZKOSA,GKVPT,1215
TGSSZ,EZJIA,1103
KZAXH,ZETMD,394
LGQSH,XURVA,792
PXCZI,JKYUK,27
TGAPY,ODPHG,366
XWXFD,IVJUE,976
TVUBK,YOVSC,1388
QYHGY,UIMQY,1447
EMPTY,EMPTY,-1
BWOHA,NWTIY,1255
PIVNE,RFQTR,868
EMPTY,EMPTY,-1
EMPTY,EMPTY,-1
OZHMT,DPBQS,695
XEEJQ,VRVZN,885
GCPDA,FAZHR,796
CLAGR,VIQOS,177
PPTHN,POIUV,183
AAKLW,AQMCA,487
ZINHS,KQDCC,888
CUVVP,KSLTK,1064
KLOEF,DPGMJ,1151
OYTLL,ZTWJX,398
FGWMV,NSBKS,426
ZUQZT,ZGCCL,1070
LNMKT,ALIHG,858
EMPTY,EMPTY,-1
BXYKG,VUBWY,1216
EMPTY,EMPTY,-1
EMPTY,EMPTY,-1
TAWGW,DPIZE,566
EMPTY,EMPTY,-1
IKWCE,IOTSB,76
EMPTY,EMPTY,-1
TPDWP,QPTNH,127
EMPTY,EMPTY,-1
RKQWH,PPAMY,1158
EMPTY,EMPTY,-1
WGNRZ,MQBOJ,294
ZXAFK,TOOVR,350
YMMXN,GWTZK,989
EMPTY,EMPTY,-1
EMPTY,EMPTY,-1
TOUKE,SUPWA,597
EMPTY,EMPTY,-1
ANTLG,LWPJV,106
EMPTY,EMPTY,-1
EMPTY,EMPTY,-1
EMPTY,EMPTY,-1
QPALB,HONNF,1402
JHLOD,EALJS,1458
AKBHW,TTKNK,1280
EMPTY,EMPTY,-1
EMPTY,EMPTY,-1
AOLBV,WUEGT,558
UAMAN,YJSLC,209
ALOWU,INAPE,631
TLKWG,YLLNK,798
KSRYD,CXLBT,1084
TBUFL,UODZT,782
IOLMT,BVABL,737
ZTJAC,GDBPN,304
SMINR,OVJXU,1112
EMPTY,EMPTY,-1
EMPTY,EMPTY,-1
LZUOC,PRFPY,1478
GBOWF,ZDLBR,150
YLRJV,KERDY,921
LVAJX,NPKPF,1015
AYGBJ,MQPUC,985
EMPTY,EMPTY,-1
EMPTY,EMPTY,-1
PXGAR,ECTOM,65
PLUKG,UZQFX,1201
PGTYR,ZMSFX,7
ZZSUL,QGJZV,537
NEGZQ,MOUBJ,1338
EMPTY,EMPTY,-1
KSZDR,WSXZB,229
EMPTY,EMPTY,-1
EMPTY,EMPTY,-1
ZCDGU,OHDMD,349
EMPTY,EMPTY,-1
EMPTY,EMPTY,-1
QDOUN,CENUE,339
EMPTY,EMPTY,-1
EMPTY,EMPTY,-1
MEJFH,TJWWX,430
YUKAK,MCQFO,828
ODAWK,GKKWJ,607
TUMIB,SFRJT,306
SJCSG,TJRHW,1345
ONTHB,OVCLY,449
XSNPB,CHKTI,1292
YDNXJ,UDUDX,1030
QXJIB,XYZUC,213
QPVAD,YTXMW,681
CZBTC,TIDGV,710
HDUCZ,RRWPE,1426
ZRWHC,UXVSV,714
KQUVP,SAOMI,1326
MGYPC,NHWMI,1479
UNCBR,TQAWF,128
XCNZB,JWURG,513
ZYCPF,UUGKD,443
EMPTY,EMPTY,-1
EMPTY,EMPTY,-1
MGRTQ,IJJCG,616
WXVGM,GPZWU,853
LJCKV,SDHXF,1494
EMPTY,EMPTY,-1
DKEOF,RKRAX,1155
GYMFV,IJVEN,1194
TBOAB,IDVAU,684
ULNPW,UXSNO,576
EMPTY,EMPTY,-1
DJYAX,QLUWQ,1385
NJVOB,YBPND,768
ESHUT,VQXIX,870
EIZEK,HZVBE,216
BFQLN,ULHBH,626
EMPTY,EMPTY,-1
DXXBJ,OVPUA,901
CMLNA,JTQDI,1098
MSXIN,KAYYZ,1091
EMPTY,EMPTY,-1
BBVDP,RTJUN,1368
VBBAJ,PRRFC,1243
BVWWT,GONVU,29
EMPTY,EMPTY,-1
EMPTY,EMPTY,-1
EMPTY,EMPTY,-1
VXWQX,VTULV,240
YTZVZ,HNQCT,379
VVYTL,FTBHT,779
EMPTY,EMPTY,-1
EMPTY,EMPTY,-1
EMPTY,EMPTY,-1
EBWHZ,HVFBC,459
VZTMR,YSUQZ,1436
ESVOS,EDSPW,1324
EDRRA,YMJNT,924
BVMNQ,GOXSV,1221
ZPNPK,EQRLS,1190
TPMIF,ASPLV,170
HBQUR,HMQXG,1124
NTVEI,DQUXT,1205
PPWRP,XGTXU,86
XCNIA,JLFMV,1422
XGSEA,SLORM,1211
KBEWQ,WAZHN,1263
HHKTK,LAQBI,661
ESQEE,EFJDN,445
LPTVZ,DRYSI,707
EMPTY,EMPTY,-1
EMPTY,EMPTY,-1
JQVAL,VUEXM,809
TSBIN,OUUKQ,955
UWWMF,IAOBO,118
ROSYB,NQSGN,141
CNSWC,ATZFC,447
JUCFC,ERMKV,1018
YHJQG,DXRVJ,1056
RVUJY,DNKOT,1071
ENHVZ,KEFIZ,869
EMPTY,EMPTY,-1
JZZHS,ENODC,1484
SVYDV,RDINM,595
ICQLG,VEULS,623
CBYLR,DJCXK,963
FBIEQ,JRVLO,369
EMPTY,EMPTY,-1
EMPTY,EMPTY,-1
USRLZ,PRXKH,94
JQKJQ,TBSNY,204
HFMPL,LAHGH,1415
EMPTY,EMPTY,-1
EMPTY,EMPTY,-1
ALDHO,ZVBHB,1450
EMPTY,EMPTY,-1
GBAQU,WYEAH,1116
IKLUP,DLBLT,831
AGMOZ,XRICM,218
GEFQQ,VUMDQ,629
EMPTY,EMPTY,-1
KGKTE,QVWPP,277
IUPVV,BNBEQ,1017
ZWNCQ,FVYKS,1059
LLHQQ,GMBFI,1288
OMPUQ,NRZWH,1366
EMPTY,EMPTY,-1
QBHYA,DIQSC,867
JHTJL,GIHMS,651
AXKLP,LBUNB,635
GHCSG,KADYF,233
ZGBEY,VCYKB,1260
QQJFO,VVMYW,247
CMJLQ,NWQBL,926
JXXKK,JLWVW,1343
NDSNV,RYLVZ,887
GGGKF,NRZZM,51
EMPTY,EMPTY,-1
LYEFI,CZVSY,1264
DWWJA,XAUJW,26
GUGIJ,MZYZQ,403
TEQSB,MYLRP,472
EMPTY,EMPTY,-1
OVPQS,CYCTJ,669
CUHKS,ZWWUK,1020
EMPTY,EMPTY,-1
BPRFY,YGXES,87
CKXRL,GPKQB,562
QIQOA,BDQSN,591
OELQQ,YPXYE,1042
EMPTY,EMPTY,-1
WCQEJ,PPDIJ,622
TAPMR,IMAEI,542
YKHXG,PIGJC,967
EMPTY,EMPTY,-1
SYVIQ,UNGZB,554
LIKFU,KIMBL,1245
YGFMV,QYOJG,1320
UIIGE,KVZRQ,273
HNADC,MTQSH,1065
NGTSG,WGAQG,466
LLKFK,KNCCX,1380
EMPTY,EMPTY,-1
NBIVB,COBFJ,1492
EMPTY,EMPTY,-1
TVCSD,DLFYI,1208
EMPTY,EMPTY,-1
EMPTY,EMPTY,-1
EMPTY,EMPTY,-1
JYJGM,GWEGE,982
OYZWZ,QVIPX,1097
AFIKN,WETYN,772
BGIYN,IUFFX,1316
OLWRA,ZPAAU,327
GVXVQ,CNHTM,38
UCGHQ,RRJNW,525
NFPGY,EMBCH,621
EBOHJ,CFONR,57
ABGNM,IHEPM,156
IEGSH,GOCGL,402
WPSJB,HGHVU,724
KKIRW,MUELP,1035
MAPUM,QCSPS,692
DSCUP,TOMQV,410
IILTC,OJWML,625
LXRAS,YBZID,683
IPIQD,VTUVE,1382
QUKXM,NKNCN,441
YYYCN,TVWMY,716
ICMDQ,COVDP,1300
EMPTY,EMPTY,-1
RPRYT,NXPCY,1187
QGKHG,RHOCS,1052
EMPTY,EMPTY,-1
LABBE,BQDHX,1459
HRBKZ,ZPNKI,22
EMPTY,EMPTY,-1
GOPTI,PXANN,258
EMPTY,EMPTY,-1
RFTDA,KUTJY,221
EMPTY,EMPTY,-1
BITEV,GXSWJ,80
OXMAO,DRURG,832
EMPTY,EMPTY,-1
ICIOT,DCNBV,1454
EMPTY,EMPTY,-1
EMPTY,EMPTY,-1
NVNZD,NLZII,308
EMPTY,EMPTY,-1
YMXUE,MAIAP,425
YYEMP,NCQEU,461
EMPTY,EMPTY,-1
SPVKV,HHOXW,353
EMPTY,EMPTY,-1
EMPTY,EMPTY,-1
EMPTY,EMPTY,-1
EMPTY,EMPTY,-1
EMPTY,EMPTY,-1
KJNCD,IMYNM,1082
EMPTY,EMPTY,-1
OHUGV,GDPDJ,1022
XFYSP,JUWNN,545
CMJWX,DZAVY,953
RNQHS,ZUKHH,107
IFLLG,GXMLL,1174
HILWF,QUPSD,1311
GIVQE,TZZHL,1069
XNIUJ,EJJII,663
CRTQM,FPXTC,999
MARGE,MLFGG,1274
VKTYG,IIWTN,1480
EMPTY,EMPTY,-1
EMPTY,EMPTY,-1
XGYVC,GHCLS,276
DEGTJ,WXSWP,1134
TAZBZ,MNNOU,378
OORPK,FPBRK,1028
ODJTC,SXJSJ,1363
LOTIL,DOYML,501
WSTRN,AKMPE,700
EMPTY,EMPTY,-1
QDMHP,XQGWD,1161
PTNAW,SNJUF,531
DDGAP,LSZNW,833
ZLRCM,SZGHE,599
WFYWW,LXAXE,673
SPCXY,EMYRG,483
TIGUC,IKUFM,181
LWFKD,RCGHU,317
LPEED,UQROD,785
SUDLP,IPCUN,812
SMAKD,SXILM,1057
YXICU,QFBJU,886
ZOMWD,MUUZA,1445
SHFRC,NSTTV,227
CIGUV,GQFIN,1285
QYHXY,TKXSA,71
HRSQM,JCDRB,920
ZMWXF,OCQIV,1272
RGYTE,ZYTOW,1496
EMPTY,EMPTY,-1
HHTYG,VNMZB,1307
GDIBA,DAXDC,1360
EMPTY,EMPTY,-1
SFOZF,AXQGG,1176
SCLIQ,XIMNP,567
GBWKT,QKGQX,1476
VZFPS,OERUM,1472
EMPTY,EMPTY,-1
AXZYF,XUXDV,270
QALJS,FACSO,1354
FFBKL,ZPNGU,88
UUGHF,FEAPY,778
EMPTY,EMPTY,-1
YABZJ,IDEFK,720
MALME,KCUXO,301
ZTOJW,OZDII,431
MZMNZ,GFMPO,471
BHPCU,FPVPF,6
FTWFZ,RUMWT,915
UGUPJ,RWZLA,147
BFCRA,SIWYC,41
EMPTY,EMPTY,-1
FHGAC,GXKXD,1008
RIWTQ,ZPCZI,335
IXMVZ,VFPWR,728
EMPTY,EMPTY,-1
GOCEL,QOLMB,842
AZVOB,NPHTZ,375
CXQFB,XQJUT,813
SADOL,TAHFE,1378
KMKYN,DAOGS,546
TDTBB,EKGHN,1012
EMPTY,EMPTY,-1
WRYAE,NIMGG,1294
VODHT,DCLHW,836
EMPTY,EMPTY,-1
EMPTY,EMPTY,-1
EMPTY,EMPTY,-1
SWZBI,MAVQU,1060
YWELR,ZVBNP,883
DIGAQ,YMOFH,942
XQOLT,DXHXX,297
WUFZK,MLCXB,160
RQRBY,JFQJE,257
HUOCR,CLUKS,1460
OYXNL,WLIST,347
QWYEY,LRHCK,130
YKACX,WFQGF,593
EMPTY,EMPTY,-1
EMPTY,EMPTY,-1
WFGCW,TKNOA,40
DLIAN,RQBHX,320
EMPTY,EMPTY,-1
NLOUR,VNMDE,313
TLBNW,QKMXW,637
WQKGI,TMQWO,1421
EMPTY,EMPTY,-1
EMPTY,EMPTY,-1
YTXAF,ILJXZ,1346
JBYBG,JNECK,935
HLIRH,GDOOA,1322
HXUTF,QTDXT,855
EMPTY,EMPTY,-1
EMPTY,EMPTY,-1
YQRDG,WONJW,210
FUIUV,CWHYQ,1393
EMPTY,EMPTY,-1
FZPDT,MJCAG,377
XFJVL,KXSJW,1235
UOWDY,WLUTO,198
EMPTY,EMPTY,-1
SRNIG,NRABQ,504
EMPTY,EMPTY,-1
EMPTY,EMPTY,-1
DBKKN,HEBFQ,334
GNGRN,HBYVN,1193
RJMQB,RDSCE,1131
PXNSC,CYPLP,774
EIMXC,WQYTB,1136
EHKPD,CRQWK,822
HHMUF,CNAIH,647
JRSYP,FTVTK,1089
RACBF,FDWHY,1309
QOHPR,QFTTW,912
WEPRQ,BVWAS,939
ZIWRT,LTBSH,559
WICEL,SAFCU,895
EMPTY,EMPTY,-1
IJKYW,LHVDK,63
SONEG,QAPCQ,601
USREG,AVVIH,922
JPECJ,NSNZF,424
KDAQX,INVHW,303
XYLMZ,SIOCB,236
UWXBB,HZXQM,1283
EMPTY,EMPTY,-1
LKKLG,BZNLB,328
EMPTY,EMPTY,-1
JMURH,RTZJW,624
CUFXR,PVREZ,1270
HVOTS,EWPNK,1163
LHHQD,FWMIZ,1377
EMPTY,EMPTY,-1
UTAPH,PLLGB,1275
RHSHJ,MTCCU,96
NVASA,LOCEF,407
XDCTA,HKUFI,1110
EYFQX,JMQNR,284
IVERF,OSLHC,1162
ENCEZ,MGFUR,281
PEPFB,EGHOZ,928
MBNUU,WSXSX,1122
EMPTY,EMPTY,-1
EMPTY,EMPTY,-1
EMPTY,EMPTY,-1
FEYES,GCSZY,929
ZZVOK,PGGCI,890
MLPZA,TESCL,485
EMPTY,EMPTY,-1
KZQIQ,HQQUD,746
EMPTY,EMPTY,-1
GNFOX,PEBAO,979
EMPTY,EMPTY,-1
INMHU,QBKWR,1079
PRLLM,QFQCB,1046
EMPTY,EMPTY,-1
EMPTY,EMPTY,-1
EMPTY,EMPTY,-1
WYZHM,KKZMI,1054
RQVRQ,SBIUM,1299
TVPNN,NSIJZ,871
PMGLA,YRFCT,422
CMTSG,BVMIZ,742
UMHQU,ACESO,802
ITXHL,PAAPR,656
MWVNL,EDVJQ,1115
UFDJU,FLHGR,723
MLOCP,WUJVN,834
EMPTY,EMPTY,-1
RLUUZ,VBUTN,1058
ENUBR,KJRAJ,32
FFDNX,YHFKJ,421
WDSAL,APAOO,1433
ITLAV,OIGKK,336
QMEBP,NTSDM,1080
CBYXQ,TYJDQ,1353
GVPYX,GUFAF,1188
HWEKB,AUZAT,322
WPBGS,KQGIS,261
PBDPC,IOWYR,113
