RHGSE,CMOFQ,967
EMPTY,EMPTY,-1
VNCLL,QWDRC,1021
EMPTY,EMPTY,-1
EMPTY,EMPTY,-1
EHJSL,VZGTE,1264
SWPVQ,GJAWF,1316
EMPTY,EMPTY,-1
TIDAR,SHYFL,519
EMPTY,EMPTY,-1
FGELT,RPMBS,1376
LEYLG,QGSHN,331
NSRVS,PYAWE,1344
EMPTY,EMPTY,-1
EMPTY,EMPTY,-1
EMPTY,EMPTY,-1
EMPTY,EMPTY,-1
VTSOJ,AZIOE,993
FEXLO,WGFGX,244
VXTOC,HEICZ,732
QAUUS,ZKZJV,1157
LWCOA,EFMKR,775
EMPTY,EMPTY,-1
ENUVL,MGCBG,74
OBWOE,QWQSW,1015
HTVMJ,TABVP,278
FXYUB,QTKBW,956
AJLRZ,JNXCF,1427
GYZQD,CCJPT,982
EMPTY,EMPTY,-1
UKCIK,FKJEH,539
KDHLJ,WSTSC,1108
EMPTY,EMPTY,-1
PTHDR,WWLNR,880
EMPTY,EMPTY,-1
EMPTY,EMPTY,-1
RSGNM,YMTIN,390
HKUXL,FRLOS,1389
EMPTY,EMPTY,-1
PIBOI,OEXZL,388
AIIUP,DLUIZ,544
TMDTP,ZELHG,953
JOZJR,TUUUN,1481
MYGSZ,AIFMA,1480
AFYUL,BPUPE,230
QPXZW,GDKXG,1244
EMPTY,EMPTY,-1
DADUX,LPFOT,289
BZNJG,XBBIZ,1380
BVTGV,ORQLA,1422
QNEVX,SLBQD,1203
RALUH,MAGFJ,1050
NRFVQ,DSDFM,1237
SUWRY,MSDMG,114
RQBCI,OACWC,170
ATSXL,YVIFN,1430
KEPSC,VBXLY,1063
VHIBQ,ACIYF,376
ZZJEP,FGVHP,691
STHQV,VXFJP,1199
JSBHE,BRQFC,1279
UYZEO,ZJYQL,871
IDCWR,UVRXJ,734
EMPTY,EMPTY,-1
MTOAT,ONVZX,477
GZCJB,EOAAW,843
XJZOL,TDWXD,375
BMVFL,UXAMB,308
GCYXS,HBBJP,169
SYUJD,OISLY,93
ZXIAP,QJMAD,97
JSCPN,WTYZA,1354
GSXBX,VKVLO,631
WUXEV,HMSKN,1356
NCIWZ,DDCFM,144
PZLWV,CKEXG,594
LOMYZ,NINOG,1438
HTTKA,TMSYF,784
XGSXX,DZCJY,769
GJRXY,JQZGU,1405
YKESW,OTEFV,553
SVAID,RRHPL,1298
ZCYVL,LLBKU,13
ZUWSL,AXJDX,966
XWXJI,UOTLK,1477
TWRCW,BJNRX,861
JPJTB,XAQWB,1132
BXVII,HDXBL,502
XYAQB,GGBZL,450
PRANV,KGJGM,648
ROWIB,MDKIF,757
VBWJN,OLQRQ,1215
EMPTY,EMPTY,-1
YNKJC,XZOBZ,274
NKLVQ,EMYAY,1479
HUPMS,WTZRA,1290
GEJYB,ZSBEW,1492
CIEZL,EAHNJ,1091
NQSOM,SUMRT,191
FXZEP,JETVQ,495
OCSTV,HNPVX,1393
EMPTY,EMPTY,-1
EMPTY,EMPTY,-1
QCYKJ,ORPEZ,879
IUJLF,HYRWS,217
HFJSN,ZXCTY,705
YKOJI,JKACK,692
SHJOB,VFLYB,155
FKQXT,ZUUFY,1060
VEIOU,CTVVM,135
YUQCN,SHGPS,724
UURTH,THXGU,1409
GTDVU,IMXJD,894
TEFGM,PXGST,405
ZTDIG,KYFGM,111
ZGKMR,DCRTQ,15
SMGBM,MVTJD,206
GRPZX,AGIAP,1421
UJOKM,BDWLK,1320
EMPTY,EMPTY,-1
EMPTY,EMPTY,-1
KBXED,CRWZY,256
EMPTY,EMPTY,-1
KDYUS,DAWVQ,606
EMPTY,EMPTY,-1
BCNKO,CAAZO,1258
LOYNS,ACWCB,1397
XXYNF,VWJGA,1273
MKEUP,IQVBT,719
MVUTB,ULXUG,831
ABPXP,QVKFR,107
HTQEN,MTEGE,87
YHNEX,IOCAR,979
XVTVS,SDJPQ,212
EUOYZ,XSDTR,787
JPAHE,EMKXL,914
HUWMI,PIJQN,1033
QJHPI,LTPQB,912
LPEGQ,GLIWL,685
ACYYI,WYPPF,709
UBSGO,TITKB,954
EQMCP,FMJIE,1319
IYYJG,GRSLD,1048
ZUKHK,UTVDQ,1166
GTVTI,RSCMH,641
SOHMG,KBSRC,969
JKSLI,GAGVT,694
MSRHR,OXWSJ,985
EMPTY,EMPTY,-1
LOVRA,YRFYK,330
SUTXE,BMCFD,267
FNNTP,LVVQY,848
NOCGP,UURWY,821
WMCWO,PRNNE,617
HFVQN,MUVWH,789
EMPTY,EMPTY,-1
EMPTY,EMPTY,-1
EMPTY,EMPTY,-1
LLTIR,EMANJ,455
FMANR,WWEKC,687
EMPTY,EMPTY,-1
EMPTY,EMPTY,-1
EMPTY,EMPTY,-1
ZSEUV,AVFSF,222
GDBZR,WNMHI,399
YTZFK,DWRFH,1230
PCJJH,SGARK,1223
EMPTY,EMPTY,-1
EMPTY,EMPTY,-1
EMPTY,EMPTY,-1
TVCFN,WGEAX,353
SCPID,FGEJI,1025
IUTAQ,RBUWY,1347
OTYKX,RLPCZ,281
GUKMN,LEVUZ,401
EMPTY,EMPTY,-1
EMPTY,EMPTY,-1
FWLCF,SEAOA,1083
EMPTY,EMPTY,-1
BEEWN,ILEKJ,301
RNPJK,DHFDA,1067
EAFFA,UFWTT,156
PPNOF,BRMIC,1093
DWQJP,VVINE,1112
EMPTY,EMPTY,-1
EMPTY,EMPTY,-1
IMQGE,ZAYSW,285
IMBPQ,GSSND,1460
RSIAT,IJDPW,752
EOMBG,SGTPS,1011
EMPTY,EMPTY,-1
TXOSZ,XKTOF,1436
EWHUY,VKROP,994
EMPTY,EMPTY,-1
STMMM,LWMPG,693
TLHGL,MMGZR,79
WJDFZ,IJWNP,626
SDONX,RKNRX,531
UCEAB,THDRP,1171
EYOZR,ZAQHF,608
EMPTY,EMPTY,-1
UZXWV,AZVBH,1373
XAEQS,LWWKT,1403
XCIMM,QMVYY,1352
GFTGL,WZRQL,609
KZMUO,GJEGT,1326
UHDNS,USGCJ,683
EMPTY,EMPTY,-1
SSAHV,UKBPG,438
TQXLR,OTBAB,595
GKEQK,BSMZV,1149
FCHCV,GLWAK,146
EMPTY,EMPTY,-1
JEUNW,HIKJF,1147
EMPTY,EMPTY,-1
PSIAM,PFMSL,638
EMPTY,EMPTY,-1
YQABL,IQJIC,1435
QQIWK,RTTNY,907
WOGHR,DXYLT,951
EMPTY,EMPTY,-1
HATLO,XABXM,862
RJLBV,EEGNX,383
YDTZD,DMRFG,372
TWVHZ,TDYXZ,636
XVXFL,BCLIY,311
DDEOV,DRQVV,555
AYNMT,RCIPC,623
GFTGH,WEMYE,776
RBYLX,JPRZZ,467
WBFDJ,MMANS,76
CIEKF,SYOIM,173
SCIHN,SHYWS,242
EMPTY,EMPTY,-1
NBBBM,SYJDD,96
IQUUY,ISMCC,676
AEDKG,BQZXY,379
RAGLY,XLQZZ,188
RXGSJ,CKMUW,276
OQUVV,VAWTQ,1105
HLARG,FDZRH,189
EMPTY,EMPTY,-1
MUNZP,SFCPP,1169
PIPCS,YZWVA,148
IFZPB,ZFYLV,6
ONAKR,BCKBX,1116
DCTFL,ZBPRW,91
UDDYK,EUOTX,1054
XXKHH,MOYEJ,1275
NOMJK,HVIAT,1271
AHGUT,VYPHB,101
EAHBT,LUTBF,537
EEKAT,TBBJK,649
JHDXB,JTACJ,179
BPION,DGKHL,158
AWQKQ,PSHDQ,884
EMPTY,EMPTY,-1
NVKPJ,SHLGC,1114
TVLMY,BBPUT,751
BWHDH,LMVSR,265
UNVPB,JTJFU,837
TMLSV,BSYEB,1277
EMPTY,EMPTY,-1
AXKOD,VLUHC,666
UGKXQ,LMZQP,316
SVONG,PZNLX,175
HTDPB,QVMFS,264
EMPTY,EMPTY,-1
UOBUD,SHZOV,1056
VACQY,AAOEG,1075
YFMOW,KURKR,678
EMPTY,EMPTY,-1
KSVAG,KSUNP,806
EMPTY,EMPTY,-1
GQIBC,XHDSO,1367
XLBAF,PVTRZ,593
PNKJC,SKPYX,681
YECGD,KOCQN,941
EMPTY,EMPTY,-1
HVWID,KOARU,811
CHLVE,VFHMF,614
EHISY,KJZEI,457
SJAHJ,PIRNL,261
TCUXG,UHNUF,427
BKWDL,MVEKW,1444
VGBIW,WEROU,1413
BIBUV,BMWLO,461
EMPTY,EMPTY,-1
OAYYV,CASRB,4
ZTVCP,UNOGE,32
JEHIF,IAVXT,943
EMPTY,EMPTY,-1
BJHNV,SGHWO,583
SADYV,NMETA,1138
BUMOY,PWYYC,306
KIPWP,YOUFF,651
EMPTY,EMPTY,-1
EMPTY,EMPTY,-1
NLALQ,MYDIG,333
MKMIM,SRGRF,1197
OCSDH,EFPDF,736
KRXSR,CCYRX,1010
LELDE,JAGAD,1314
EMPTY,EMPTY,-1
SLVBD,LPSRL,140
WDJKZ,HMAVT,271
EMPTY,EMPTY,-1
HWMPG,GPHHY,488
MKMQL,BYMUF,764
WHDAI,SANZC,1183
EMPTY,EMPTY,-1
RNPMO,CNVNU,755
KZUDV,JQIJA,1140
UYAZT,FWPWL,591
SHPYN,FEDPY,598
ASHCI,JUJHV,885
OIUBE,WQRSJ,493
AEVDN,XFTHN,778
UMNPK,PPWOW,1478
EMPTY,EMPTY,-1
ONQMX,USLIG,1051
XREKZ,BEAKK,780
GYCFP,OKNLX,109
KTANG,LNDOQ,396
EMPTY,EMPTY,-1
AHGFH,PGDCP,749
YOPIW,RKEPM,1364
IXIQL,SNFTP,922
FUIMH,WSWLZ,1268
EMPTY,EMPTY,-1
KAFIC,UAZDV,282
THEPX,VVKNS,238
KYPMH,SAGVQ,419
COMJF,CZFZX,762
YIKUX,JMRGL,1441
YCHYG,ADPBX,1263
EMPTY,EMPTY,-1
TWPFP,CLDEP,514
BBIPR,LJGOF,574
EBPHJ,AKFCE,741
XEDIC,FLLHF,906
EMPTY,EMPTY,-1
FBRFV,NQFCT,215
RYPOL,CZRTJ,195
WDDXS,SIMAI,573
IMFAF,SGFIZ,106
IFRUV,XKHGH,349
KIXWG,EPIPR,80
JPLDC,QHXBA,404
NGJVA,QJXEW,844
BHIXB,CMUUI,698
BFHCQ,YRIBG,141
RKTTX,DDOBE,197
QTPVF,UKXUV,559
QWTSD,CZOND,55
NCNLF,OGTCB,423
ABBGJ,GDVMK,1246
HBDBP,NZDCW,1142
YAGJK,XPUPD,163
LZDJI,UZNDC,798
ADPSH,ISXFG,656
GLXMJ,WZMMZ,1014
NVTTO,UPSXG,761
WYKWD,DKYHD,664
TJIKT,HOQBV,616
OWBGL,BEODY,1306
PPWFQ,RAHVO,243
ZUOHU,EUOUI,875
GBULA,GZSKF,1310
WJBRK,AIOCO,896
BXOXN,YOOYJ,856
RSXZK,ZFVGA,533
GSHAL,BWXEC,786
EMPTY,EMPTY,-1
MCMUJ,JZYAK,1329
OHZMY,QBFBA,918
ACDZV,NGGJP,437
EMPTY,EMPTY,-1
EMPTY,EMPTY,-1
XVCGT,ZZJNT,1209
KYDAA,GTLMA,1023
QRBJZ,VNLIE,1064
ZGAIZ,TVKOA,1070
EMPTY,EMPTY,-1
ZMZFN,LFIHG,411
EMPTY,EMPTY,-1
MSSWD,OQAUW,1126
EMPTY,EMPTY,-1
FNWBQ,WXOHN,1432
AGUFZ,BJGAG,931
HZZMB,UGVPV,134
EMPTY,EMPTY,-1
NGPXP,AWIMT,899
EMPTY,EMPTY,-1
SHCDY,DPVJF,1218
OELBL,RNUMU,688
YJPEF,JEAKV,105
EPUVV,FGKXF,345
CFGDT,WVDDO,1002
EMPTY,EMPTY,-1
TNAZF,FDYLT,1433
EMPTY,EMPTY,-1
NLAAM,KJYNX,479
TUCFR,RWYJC,303
SSGIW,BHHEW,1266
XKUDX,RAMLV,368
TRCBA,LTUXU,12
FGKYO,ULXWV,82
OWPDI,LXNKI,977
EMPTY,EMPTY,-1
YIKEX,NAXOR,435
YWMKO,DEQCU,1394
FMNIN,MJFPB,1179
KHSBQ,OFDJQ,980
EMPTY,EMPTY,-1
MKNWU,GIVFP,996
VAEVO,HPGIC,1402
EMPTY,EMPTY,-1
AZPBF,TVUJV,528
HSFDJ,ICAPM,611
QJZZE,AAWBM,720
XHHLY,NHPOK,184
HRYPI,RSMJD,280
HRLLT,PTGOY,40
IXLPD,LYGXD,1086
VJQPX,JHENE,1391
NGCDX,HSXMD,33
GYWMW,GPFJQ,506
RDOSF,BCNYH,554
VPIFC,QNOIH,1134
BHYQT,AXUXZ,887
KIZJG,UEJDU,790
KRWXX,SVJPT,8
RHVKV,KRCWE,662
EMPTY,EMPTY,-1
QTFHR,RYSAV,241
FWPZT,SMOGG,1030
DGCXT,UOQXI,2
ZFEHI,RLRDX,572
RCWQI,PEDPX,713
XOWVY,OPATA,260
AASCI,XLXAO,575
NRYVA,PRBGF,1005
JKVVJ,DSING,1262
NYBKR,TYAJD,420
RRWOF,YGCSW,870
STWPG,XMZQH,833
HPMGN,EZAFT,1404
EMPTY,EMPTY,-1
EMPTY,EMPTY,-1
PUAFM,ERMRC,469
XSDIT,HXHNB,1281
CJBHL,WOBYZ,767
FTHTG,QABCO,1406
QDQDN,STSPZ,159
PMSAA,DZPNE,916
TFOLU,XFSBA,959
KXYQE,GAOEG,797
CPNLV,QCSEZ,417
EMPTY,EMPTY,-1
VZWAF,YMUDT,888
UOFBM,UZCRS,1233
EMPTY,EMPTY,-1
EMPTY,EMPTY,-1
EMPTY,EMPTY,-1
EMPTY,EMPTY,-1
EMPTY,EMPTY,-1
GBAGT,PLDLN,1381
PWBLC,FGOGX,443
BNFGV,ECLRA,364
NGZEK,DXFPS,389
DFQNF,AIRJD,658
WXRDJ,AGFMG,380
FSGAQ,RILRT,592
EMPTY,EMPTY,-1
KDJRI,EIZEL,1205
NGTSL,KNQYY,44
YMJOY,WKVXO,777
QFTFG,BLHLG,17
YOCBF,RRUTO,62
OIATP,QUWAF,1228
IZQPS,KVLBI,70
ULETA,GOBKD,363
EMPTY,EMPTY,-1
XFYPI,HRENA,802
HQHXH,TWPGU,635
ZCCPZ,YJVVG,936
XAXUG,ZUYGC,690
WXNNP,TWTEM,530
HKZTK,XXKDP,11
EVVQC,IZIRU,103
FJMVE,PBJXN,1039
QBZSD,BWWNR,891
TYXRT,EPAFC,185
EMPTY,EMPTY,-1
VCNIY,CKMWR,487
RCVXY,DGLQL,1008
ZFPLN,YATIA,1094
NSJQM,VKPCI,809
NWFKF,CQNIN,934
HNHVH,PJSIS,817
KYLIU,FLTEK,644
NULPH,ZUCCO,878
EMPTY,EMPTY,-1
EMPTY,EMPTY,-1
QDHTP,NUUZB,446
BQWEP,RKPDU,209
NMGXO,QVWRX,7
LAYYC,BPWCY,112
AACQQ,UNZZJ,1073
PUSAW,FQAOM,1153
QTZVU,VYYMF,1227
EMPTY,EMPTY,-1
NGWBP,LHUFB,174
EEEKJ,CTDSO,1345
YMHZU,AUCNC,708
NZFYT,MVAOY,785
QTZSJ,SGTCW,1195
UVKEQ,MPNVH,1160
EMPTY,EMPTY,-1
SLWLA,KHKSR,1379
LWVSO,NAKOE,788
IUHDB,TNOAY,1485
IEPFQ,CTDSX,645
JBZKH,IVNQZ,1135
KVMWS,SXFVK,344
MVMDN,DJYWE,753
SIFMM,PUIAW,986
FXJRF,QZIAW,1462
QHKNJ,YYRBU,840
WOEID,DXUAZ,881
UAJRG,VSYSI,407
XFUNY,DWMSO,277
EMPTY,EMPTY,-1
WFJMM,PINRJ,552
XWQRF,BDTIA,1276
EMPTY,EMPTY,-1
XTQYO,SDGMK,1049
EMPTY,EMPTY,-1
EMPTY,EMPTY,-1
EMPTY,EMPTY,-1
XYQXG,JNIGC,65
JSRUR,VBUYH,1342
YEQLY,SXHUY,589
FNGFF,QEGOZ,371
WGDLW,RPQDV,674
JZNLM,AYEDZ,1122
EMPTY,EMPTY,-1
FFHZE,XANED,759
EMPTY,EMPTY,-1
NZPZS,CBYCT,584
VJYBL,LNXVE,1201
EMPTY,EMPTY,-1
EMPTY,EMPTY,-1
EMPTY,EMPTY,-1
KEZRK,CIGHW,232
WCXHK,SRCVG,1081
RRTMK,MIXFS,507
RGYOH,MPLHF,339
EMPTY,EMPTY,-1
EMPTY,EMPTY,-1
COCOL,MLYRF,1216
HTEJA,MWNRN,839
RBTSF,YQEDS,1104
XGDXH,YVGKC,1170
VQLIW,ZRRNV,529
XCZEX,EKDTU,287
ZWCAE,EIEXU,338
MZYDB,ZSMZA,739
RCXYT,UATIL,1387
TOFLA,QUWQK,1287
SRHMP,YDWEI,773
ERIWY,SMMIP,815
EMPTY,EMPTY,-1
EMPTY,EMPTY,-1
EMPTY,EMPTY,-1
XQRSE,UDMYU,534
EMPTY,EMPTY,-1
QRFWE,LTHIS,895
EMPTY,EMPTY,-1
EMPTY,EMPTY,-1
EMPTY,EMPTY,-1
KMJET,WDHUI,607
PPGGC,MJJOR,565
KFEMG,CAIJK,1331
QTCSD,OVBGG,1124
OOCZC,AJYAZ,567
NRPBX,TCULN,1333
EMPTY,EMPTY,-1
EMPTY,EMPTY,-1
EMPTY,EMPTY,-1
EMPTY,EMPTY,-1
EMPTY,EMPTY,-1
EMPTY,EMPTY,-1
EMPTY,EMPTY,-1
QNLWY,GZWZV,1150
MPKEO,TCICE,1220
EMPTY,EMPTY,-1
OEHNB,UZXPG,1120
ARPKH,KMCAI,975
UUWCJ,RZRLZ,317
DRIZQ,EPYYX,199
FXGJX,BAKQL,312
XSLGR,GAOFU,1031
CBRJU,NQOHU,1188
FAQKB,VBYHP,1180
PJSBB,NGKYV,958
BUHGE,GDEPL,771
EMPTY,EMPTY,-1
EMPTY,EMPTY,-1
MBQKL,JDCJY,90
EMPTY,EMPTY,-1
EMPTY,EMPTY,-1
EMPTY,EMPTY,-1
VGQSI,XTEQZ,125
ALAGY,ARUPP,292
RVRAT,UHKBN,1416
GSCNI,CLPAJ,498
SNWYX,TNVFX,115
WFXDT,LLWLO,799
EMPTY,EMPTY,-1
IJDCB,ZHGLQ,1234
VFACS,RTUIB,858
RVFKC,ENBKB,151
GDLNP,JVCHD,847
NOKHI,JREPF,964
HVHQV,RRYSX,1419
YDABS,NXKFR,1001
UNCOO,IVSWL,328
RMMWG,JESSB,873
DORBI,LUSMQ,321
EMPTY,EMPTY,-1
PTMWO,AYOOH,1164
QIYTN,YNHFJ,16
RNQUF,IJYAJ,161
XNDCP,WNBYB,639
ENQRG,RVVDL,629
QFSJU,TQIJL,1304
AWBGG,RTRCA,1059
EMPTY,EMPTY,-1
BGLRZ,ALFGA,1426
EMPTY,EMPTY,-1
NTLSG,GEWXB,867
EMPTY,EMPTY,-1
YEYLE,GPJJN,1259
RWTOP,YOQZR,500
EMPTY,EMPTY,-1
UNABE,QMJDP,1361
EMPTY,EMPTY,-1
EDUHO,TMFMK,1133
EMPTY,EMPTY,-1
DYMTQ,EHJMV,1465
PSYEH,QPAUS,99
ESBRY,WCKZU,793
UPQLR,UIEGS,1162
UCYXI,KHXUS,890
IDEZK,TZRLW,1232
LMMOV,DCQBD,1107
EMPTY,EMPTY,-1
QLOKD,HPRMU,1123
BNDPF,NUGSH,834
ZQFTM,VUDKB,254
OJDOV,ZBQMU,359
KPMRA,JCCIA,646
ZGBUY,KAHCF,290
VRXUD,VSJTR,704
EMPTY,EMPTY,-1
UBBUN,GBWDO,253
GCZZR,TQUDS,863
HIFJI,ZXAJU,1068
IQFNZ,TADZB,251
UTXQG,DNCKM,717
EBWNN,OXJVN,374
ELDGM,TINRW,421
PDCQA,GBYCR,429
THTTZ,IPVTM,1248
GOJSD,LXJOX,807
XYDVY,SSRIU,640
TZWHC,RQOWR,1283
BFYWE,RFURD,37
RXMVN,VDXTF,1037
GFSFY,QGGDG,816
ACWRV,GGEFC,1301
EMPTY,EMPTY,-1
DBJDH,OQGEA,990
SZPSK,QLHSS,433
AGFDE,TZUCT,1425
KXEGY,UCZJK,998
QCPMU,AMQZY,1058
QXEZT,RYHAQ,877
LDAAW,TWTVB,367
FILTR,LVNJK,561
AASWX,UJBRV,512
HXHWL,DHWVY,53
VOPWU,FOSDQ,205
ZWIZX,BVNKI,269
TDLCO,CLLSK,624
HEONT,HLVEJ,707
BLKSQ,IRTIO,71
CZIUJ,QNXNU,523
DOWON,WTWAR,803
OVFSV,LREPS,49
RCXJI,NXIWH,897
HRYUC,LYXYN,650
LACEM,XJJGT,1265
ISFKI,EQVFJ,770
SIMDB,UZUZL,395
WJVKS,JAXCF,796
EVQJK,HZYRG,1236
PCTTP,TKVBR,315
XMQOG,TRBHL,1327
EMPTY,EMPTY,-1
EMPTY,EMPTY,-1
JHJVX,OXLFE,853
GWQKQ,USCXW,1325
QVMRO,WJYOR,346
WJIOR,PSHWA,41
RPYES,WQCVX,314
RECTU,IUROD,564
EMPTY,EMPTY,-1
EMPTY,EMPTY,-1
OWCYA,IJGKC,424
JABYT,WJCKV,1294
EMPTY,EMPTY,-1
EMPTY,EMPTY,-1
EMPTY,EMPTY,-1
SPBNO,MOLWM,654
RPIZJ,RBFLP,1338
EMPTY,EMPTY,-1
NRQCM,WSCJL,846
KCIZF,ZLJJG,1046
OGFUG,ZUTSR,675
OLYBR,UXPRD,482
POHAI,GHWNL,603
GURZN,RKFKG,1151
XAWVT,DJIBX,255
STNFI,NISYZ,360
EMPTY,EMPTY,-1
EMPTY,EMPTY,-1
SSWUC,UMCOJ,1240
EMPTY,EMPTY,-1
JVKNI,RIINJ,558
RKNKH,XMAIV,905
CMEPK,USMDK,1145
EMPTY,EMPTY,-1
QPAQN,YEOLQ,194
EMPTY,EMPTY,-1
HOQTA,TWGFL,1323
VMGFK,JVHNK,284
YZBJI,HDQCK,1295
QVEYP,TNQBM,1113
GIDUZ,TQWSN,1065
OOAPS,IWEBR,568
SFEII,VRMJB,432
YYNVQ,BCZFA,538
KBHOO,MHTHR,73
SQKIS,LOGZR,126
LYYMM,IHTIS,1187
LBTJJ,CQPJK,1207
HURCZ,SHCWQ,744
DEZLJ,MBCOQ,246
WYRKS,RREOU,667
KUHOV,NTBMU,842
YPMWC,NPQVS,824
XKDUR,CUNBD,1351
BHOJU,WRTWG,832
BCUHN,MEFZB,1076
NRCSF,AVNDX,1472
YKNLQ,SYDKV,1495
KUUHT,GFYJX,898
XIWSF,KTSEX,45
GDBJO,ATNAG,181
MSCZP,UPCTI,233
YEQRC,GMRQZ,259
OEFQO,XJSZM,1463
FPLYL,QENUD,22
EMPTY,EMPTY,-1
EMPTY,EMPTY,-1
VCKEP,CZRHJ,1274
CRKSB,PFOGB,919
TFVBM,HECLO,1300
HLTUM,VNYMJ,818
UFWNB,VCQOW,892
GONIQ,YXHWC,1161
NUHNL,JYZYW,1412
MVGFV,GFXCS,77
AJIYZ,ZZMHE,258
EMPTY,EMPTY,-1
CVKAC,DAPWR,42
UPIKQ,GKTMQ,520
IZYVK,UNHVS,1137
EMPTY,EMPTY,-1
EMPTY,EMPTY,-1
EMPTY,EMPTY,-1
AUUFP,DNHQS,182
VVMQX,VPPMX,1341
YPZSI,NABNM,51
EMPTY,EMPTY,-1
XSXUE,XHSGU,1464
CCLYS,JHDYP,972
RSJMZ,CRUQG,441
TKDSJ,HRTAB,481
EMPTY,EMPTY,-1
EMPTY,EMPTY,-1
NNMEC,RUKQR,235
TXFSN,RNZFD,960
EMPTY,EMPTY,-1
OXPTC,WTKHS,430
XIZJE,TEVXO,26
EMPTY,EMPTY,-1
EMPTY,EMPTY,-1
EMPTY,EMPTY,-1
RHEOH,HCTHR,735
EMPTY,EMPTY,-1
EMPTY,EMPTY,-1
CZLZR,FZZKU,68
ONLPB,CKSGS,9
CWQJZ,IPZSO,447
EMPTY,EMPTY,-1
EMPTY,EMPTY,-1
QWJJM,QVPAT,25
EMPTY,EMPTY,-1
GFSEV,ZEALB,229
KFODG,SDDIR,1282
XVWRN,CYMQI,340
ZTCIB,VKCTA,586
WCXGC,WWRQL,988
EMPTY,EMPTY,-1
EMPTY,EMPTY,-1
EMPTY,EMPTY,-1
GCZAN,WRKEU,160
EMPTY,EMPTY,-1
ZRBOL,WDFXA,252
EMPTY,EMPTY,-1
EMPTY,EMPTY,-1
EMPTY,EMPTY,-1
EMPTY,EMPTY,-1
EMPTY,EMPTY,-1
ZFQST,XFKIF,341
EFHLX,XJLGX,104
VWERU,AHMFU,24
EMPTY,EMPTY,-1
AXJUP,JHQKJ,1363
ERGDL,UXSYA,458
PHEFB,QNFIZ,663
QZXQJ,DZFVW,696
OJEMZ,NZGMD,1241
CXCHI,RSGAB,152
HPKXZ,WUKJA,1032
EMPTY,EMPTY,-1
JSXFL,SRSPI,992
MXOEQ,UJTJN,136
IIRSI,KKCOW,852
JAHQL,SXGAF,1312
EMPTY,EMPTY,-1
EMPTY,EMPTY,-1
JHQZB,ZHHUK,621
UKOYK,DUBAI,700
RQIYZ,FGFGP,225
EMPTY,EMPTY,-1
KSQEQ,DFQHF,1042
EMPTY,EMPTY,-1
EMPTY,EMPTY,-1
REZNN,GVQYS,1305
EMPTY,EMPTY,-1
EMPTY,EMPTY,-1
WCJGO,OBLCS,453
ABRTZ,AIPNJ,851
EMPTY,EMPTY,-1
EMPTY,EMPTY,-1
EMPTY,EMPTY,-1
DAWYO,OPKRS,326
AHNTC,KRCKF,494
YOKNX,HMNLO,1148
EMPTY,EMPTY,-1
EMPTY,EMPTY,-1
TMXGD,LRPDR,157
BUVCA,TDKUH,1118
XAVZR,UTMVF,310
HPQAT,WAJPP,868
JPWZR,WOQMH,1066
EMPTY,EMPTY,-1
FLBPE,GFJKI,1414
VAJPB,WREXA,859
QOHDW,ZZIZZ,1003
EMPTY,EMPTY,-1
SZENI,OLSWV,1006
INHTH,VVXDA,1272
GQJAM,CYOAW,542
TFYVI,MKSVK,968
EMPTY,EMPTY,-1
YAJFO,VARUN,1497
XDUDI,QFCFS,772
FBDBG,UQRGV,496
PVNQN,VIJFL,1206
DKLJJ,LWPLX,248
VRDMB,FJJJL,588
GYWHT,DXGKT,1302
EMPTY,EMPTY,-1
MHBTY,NLRXC,153
EMPTY,EMPTY,-1
EMPTY,EMPTY,-1
ODVEF,ATHET,1072
VBQZK,HRGPW,563
FRFBV,DOYCQ,1047
VNIXK,QBMJP,332
MPMNR,DELQH,665
JJRJC,HENOK,1089
DZATT,ZFKIM,207
TCWAK,UOAEX,1474
GLBUG,BXXZI,543
QYOCF,MVRQP,1000
EMPTY,EMPTY,-1
BOPCD,KONXV,1280
VBCFB,YUEMX,1243
VDXWX,KPEGO,1251
DIWYM,MTPOF,1146
RUJOP,ZIDYY,562
SEKOQ,VOEZA,60
ZTJCO,BAKDV,69
BHIUE,AOAXC,1163
GTWNI,PTWZM,1128
KIGNH,ODJWO,336
JSMPS,JETMI,1388
XOFHZ,HLZTL,742
ZRKGU,UAGZV,925
EMPTY,EMPTY,-1
EMPTY,EMPTY,-1
EMPTY,EMPTY,-1
AUSDH,ZMGGD,737
EMPTY,EMPTY,-1
EMPTY,EMPTY,-1
QZUQV,KUDHG,1082
EMPTY,EMPTY,-1
NUCXP,KUDHI,550
CEUFH,HEFDI,34
IYKCU,VHUVX,127
OHTYB,SLLCW,1115
BFMVY,UCRPL,203
CPUPU,ASAOP,1034
EMPTY,EMPTY,-1
VOZVU,HQSXG,406
PQEWO,TKNHD,829
ROHOI,TRUWW,434
WGXQP,FEQVA,1226
EMPTY,EMPTY,-1
EWNTN,YQTGC,1224
UYTPU,RPWDS,470
SNOFP,RZZZK,620
XSSGW,DCVIJ,911
EMPTY,EMPTY,-1
JJKSU,ROKXU,1041
QRQBI,RJJII,1222
DFRLD,BXOHA,1193
KFEGL,YQRHO,57
LRRWD,ZVYLV,579
QQIXK,NFJSM,377
EMPTY,EMPTY,-1
EMPTY,EMPTY,-1
PXUAN,NNSDM,997
EMPTY,EMPTY,-1
RMFWN,WGQAE,445
ROATO,HAKCG,422
WACTV,ZNFQG,634
WZSLX,CLEQI,984
QZCGG,LRRSR,444
EEYQG,GSMWG,1100
INHYN,XTCUF,1395
SKHRP,OMVPT,1016
QIGOH,YVRPQ,1346
ZIOIN,OSUCR,536
QEXYS,TXWAR,14
MGBOJ,PKVEM,59
KQDFU,QPTFM,1418
ROYNQ,XHLEG,1252
XUINR,AOHMU,1175
AXXIA,ZULYR,758
TAQOF,WPXDM,604
AEVZC,NCUAX,516
ISWZZ,RQDHL,1143
VAWXN,ULDGS,122
EQOHC,QAMIL,983
HCYKF,WDNUD,378
USSWM,VBMQY,43
BQDRI,GOJZL,1256
EMPTY,EMPTY,-1
HUFCP,HXHRQ,1017
LLFSU,IZRYC,962
VFWPE,QWCCE,605
YPFGG,VZMIN,347
OZELN,TAHKF,28
VFZHU,ZSLVK,139
YGZQF,QWPDE,202
DPIXX,SGZSY,581
JOIDZ,DBMTQ,660
NNIYB,HXCMI,792
DRAVI,YVABI,154
BXSYD,PIRDV,915
EEFBX,NHVAB,1185
OPKXA,ADMAC,963
IKCHY,IZCYO,1079
CPHSM,BYGNA,1475
EMPTY,EMPTY,-1
EMPTY,EMPTY,-1
BGMPU,QMRRA,917
EMPTY,EMPTY,-1
EMPTY,EMPTY,-1
HRHZS,QHZUV,1466
EMPTY,EMPTY,-1
QGRLH,CWGCH,1192
BAOEO,WQCIJ,465
HFTFP,PSMOA,149
YYLDV,POZYB,1127
BMMQU,PNFCG,358
IBPXC,EKCAY,1358
VBJGZ,WUHEX,484
CBUPK,BRGCM,1483
TYKIL,QZOQV,1139
VFKQJ,EIDEM,535
LTCXX,AIQGE,677
EMPTY,EMPTY,-1
UFJHM,DKAJR,1245
BBNAF,CKFWL,1043
EMPTY,EMPTY,-1
UATBF,LLMEA,227
RRIYN,ZSDKN,517
VTAGW,VEPMD,900
EMPTY,EMPTY,-1
EMPTY,EMPTY,-1
ZZAWS,WPAXD,1009
ODIGT,FJCGJ,560
EGGFQ,YWMMK,137
BZJWO,ILVAS,1013
EKLKE,KYDOT,299
XXMJI,POOWX,128
IEQMN,QPEVA,133
MKSJZ,JIFLP,352
UYSUO,RCXVS,866
SEPKJ,BOBXU,409
RXZNA,KNQNQ,460
EMPTY,EMPTY,-1
EMPTY,EMPTY,-1
YYXRI,RAKRG,113
LOKGP,XPXLD,768
TOAVP,ZHEAE,632
YROGK,WZGFT,1035
PBFFX,TQHFG,485
IONVI,KNFLX,810
KPOWL,KQIWI,270
EMPTY,EMPTY,-1
VOHYR,XKVEM,929
JHHYS,DRJIG,760
XIWTS,ZFFEM,262
AXYIV,AFTXF,72
WHRPZ,ZMUPP,957
EMPTY,EMPTY,-1
VJYCU,DTTGL,940
EYDLO,FSLIQ,1267
EMPTY,EMPTY,-1
JPOGY,RAHLG,475
HTZIN,QVFHQ,1191
MKIKG,FKRXL,1293
MAOFH,UMRBR,18
RCXKU,SHEIM,930
EMPTY,EMPTY,-1
EMPTY,EMPTY,-1
KGNEI,BKZUE,1377
EMPTY,EMPTY,-1
FOUPK,XPNBD,322
WVXYP,DHJXK,81
DWMRZ,NTOAR,1493
ZUQXM,CPXVL,1109
GVCTI,ULWUK,857
PXZQW,SAYCU,1036
SWKVM,JJEVW,1392
LBXDG,GPVVY,850
WDDJV,TTSMC,1439
EMPTY,EMPTY,-1
KSPUF,BHEDX,1470
GRRUC,UJVZV,882
EMPTY,EMPTY,-1
YTNFL,YGNZF,1339
YOHPM,GGLMW,763
TEWFS,UUYSB,1362
TTZAT,YHOSK,1284
YPFAV,MYITU,397
EMPTY,EMPTY,-1
MKCAG,FMTKR,722
YESUP,RDXHA,1458
EMPTY,EMPTY,-1
EMPTY,EMPTY,-1
LKWDT,ATOZA,30
SYEHU,CWPVJ,365
NEIYR,NFJTS,1018
EMPTY,EMPTY,-1
EMPTY,EMPTY,-1
EMPTY,EMPTY,-1
NESWC,MLKND,402
EMPTY,EMPTY,-1
TMBFM,DWKIP,309
LVCKD,AFKFB,50
VASTS,UPXDJ,1371
EMPTY,EMPTY,-1
EMPTY,EMPTY,-1
EMPTY,EMPTY,-1
QDAAQ,XQZMI,703
QPIZM,UQRXS,142
YUMPM,SYJZE,286
EMPTY,EMPTY,-1
ZNISZ,ZIWIY,860
JBFOK,NHLGG,738
EMPTY,EMPTY,-1
VSWCK,EQFBJ,356
CNMBQ,FPYUW,1152
OXWCB,HHWIL,1253
EMPTY,EMPTY,-1
XQOBZ,IGDCV,748
WZBGK,MGUAQ,117
KUCTA,HTPXB,382
JWFHW,FNCNF,1343
USQAQ,GEKCS,1452
EMPTY,EMPTY,-1
AXTGG,PRYHM,1496
ZAOFC,VBWMN,1360
BSKPN,BKUAD,452
MVOKN,LEILQ,747
EMPTY,EMPTY,-1
PLMPW,EGHPH,108
DZJGV,WJGLZ,1476
EMPTY,EMPTY,-1
FSNMS,VQJEX,218
EMPTY,EMPTY,-1
EMPTY,EMPTY,-1
EMPTY,EMPTY,-1
EMPTY,EMPTY,-1
TEETE,IXXSN,1311
EMPTY,EMPTY,-1
CVXXY,TWJOZ,1348
EMPTY,EMPTY,-1
YBHXC,WHTJN,1288
EMPTY,EMPTY,-1
EMPTY,EMPTY,-1
EMPTY,EMPTY,-1
NFPKO,QNZAW,643
EMPTY,EMPTY,-1
DYVIW,USKHX,1332
FGATB,FJOQM,801
MYDNI,NSZBS,1369
FNTVX,EMZAS,1257
OLBOP,YEPGB,1449
ATHWF,REOWR,1198
XSUWR,YGOCE,505
CBQKT,IDTUT,1370
LYEXE,XPSWQ,307
CUWTX,APBSZ,971
UOHCW,SYUMJ,921
CZSWF,TQWVY,204
DXGBA,XKVFD,795
TRSIU,RCMUI,1098
FAGWN,OEPHH,324
OZKLT,KCMOK,1084
URPPM,PHTRY,210
EMPTY,EMPTY,-1
EMPTY,EMPTY,-1
EMPTY,EMPTY,-1
SWDCU,KTRAE,499
VCCBH,KHZXK,716
YCHIO,UECUG,116
TNFMQ,WZVGE,504
EMPTY,EMPTY,-1
EMPTY,EMPTY,-1
AMLGT,BHZQQ,612
PCGRQ,WPEWF,1457
DXLTA,VLBQK,129
JMTOO,SJNPS,35
FHKRC,IKPSM,532
QQNYE,YUIMK,601
WSAZI,FLXHW,1260
EMPTY,EMPTY,-1
PFARS,WKQID,501
HUWST,LMSTE,231
RBQDY,ACHKN,400
VDQNB,EPBCL,143
EMPTY,EMPTY,-1
VDNLB,KHUSC,599
PTKMS,RCJOR,823
BVJMR,MIGLD,1235
EMPTY,EMPTY,-1
RQYZP,SJXKM,610
RTTKA,GRBUW,323
EMPTY,EMPTY,-1
JGOKH,YMJWJ,1095
EMPTY,EMPTY,-1
EMPTY,EMPTY,-1
EMPTY,EMPTY,-1
EMPTY,EMPTY,-1
MQTOL,HAPYV,855
EMPTY,EMPTY,-1
WPQXH,TVHOO,939
BRGOG,RLAKL,385
SPLAJ,DFDYB,354
TWKUY,JGYHN,120
JTUAE,UCTQJ,935
EMPTY,EMPTY,-1
XVNEZ,ALCED,416
KPBLO,XHATT,923
EPBMR,JAMTZ,779
OJAHP,RNMHP,686
EMPTY,EMPTY,-1
YFQYF,TZLDN,19
LKRAP,WPQQT,263
LHVTN,JJTWW,462
WYTQZ,KWKBI,473
VMUSO,ZBMDJ,38
RSTQF,YLRBZ,981
TMCZZ,QLUXV,63
EDOMQ,IIHED,1350
VBCFF,OUWGT,442
OLIEJ,KJABF,1349
EMPTY,EMPTY,-1
EBIMQ,YSOGW,527
JNLGX,XDUSA,213
EMPTY,EMPTY,-1
EMPTY,EMPTY,-1
EMPTY,EMPTY,-1
EMPTY,EMPTY,-1
LBDUL,KMTTO,549
LKJWX,VZPQG,190
RFRFU,QUSXV,756
NWYKM,YQDBJ,1012
GDCBB,PPRQD,1200
AECGH,EDZRX,1217
XPWWS,OQKGR,820
ZGVPM,LRBNJ,355
LWGXN,XSULN,291
ZDMNN,RJRGN,1285
YZMCF,FWXZB,946
EMPTY,EMPTY,-1
EMPTY,EMPTY,-1
DTRGD,HSNIE,247
EMPTY,EMPTY,-1
EMPTY,EMPTY,-1
DCKGF,QFEWR,464
LRGPA,JKCZK,570
MCEAO,ZJEUN,1451
EMPTY,EMPTY,-1
EMPTY,EMPTY,-1
KJFQR,UHLNL,348
MINWX,MCEDF,1019
MUSVC,OBPDA,509
TAYSI,OXEFH,1045
UMAEG,AKKOI,272
VJUDI,GEXER,999
MQWJV,ZJYZY,838
XNJYX,KECXP,743
CQWCD,XOXLI,948
PWZFN,HFBJU,463
ZPKJN,QSEML,1061
VKNRG,VDQEF,320
RAWEF,OTEOV,21
CXCKW,UMERC,172
EGQDN,TLJNN,723
EIDJG,HIEUI,1088
RQEOJ,YICMV,1055
WADBW,CQIYZ,46
KLFGU,NSIDR,526
HSPFZ,BNTOF,275
VLUUC,WXJZM,1092
ZEPTS,AVJJJ,783
XYFUB,MWGDB,782
FESHT,LVYAT,47
AUXYI,COXVD,1004
EMPTY,EMPTY,-1
ZRZUV,DUFBY,95
EMPTY,EMPTY,-1
TXTEC,XHXAV,329
EMPTY,EMPTY,-1
EMPTY,EMPTY,-1
ZTHVG,QBLUY,1447
EMPTY,EMPTY,-1
EMPTY,EMPTY,-1
PSTQQ,YYOQP,1254
HPDNB,FCKIR,67
SHYDU,PUCJF,224
UQUFN,IBRTE,845
UAHFP,MKPSB,1315
WCFUF,FCSEJ,1130
EMPTY,EMPTY,-1
WNVWL,YPTHG,712
SJQEB,AYXWM,865
VJRRQ,DDSGQ,1077
VQADL,GZEYX,1106
EMPTY,EMPTY,-1
JYEOV,HEDWX,226
VYVUC,WRIYJ,909
FUVZQ,STROX,1359
IGZZO,DMJCB,730
AVJOJ,ELKPE,1141
YBTUN,GLXAU,1440
RIJWH,LARJW,515
FOOBA,IBRTU,237
PHAGB,LAGHT,1443
EMPTY,EMPTY,-1
EMPTY,EMPTY,-1
XUJGU,YPDAI,945
TQYEY,GKPSR,1296
EWKIR,LQTSQ,234
GNLCN,YWFKP,659
FKTXH,YLZNS,391
TDWME,DPVQC,350
VZCOD,JWMYF,1365
PZYDK,CQIJW,835
LSDXM,WRKXY,459
EGKAO,WBCCE,86
SWYTG,ZFUGF,279
GPRVK,MOKEK,849
VBVEX,HGOMX,670
RFQXN,JYNTJ,480
DUPLZ,VEDFM,171
AWJMH,UMIAG,653
OSXUW,RSJZO,313
JZCLD,KWQOU,176
AJTVD,ELQMR,273
EMPTY,EMPTY,-1
RYKTI,NTKEB,1353
TFMRL,RLDRS,1027
LHOEC,DEPRS,1026
EMPTY,EMPTY,-1
EMPTY,EMPTY,-1
EMPTY,EMPTY,-1
ORMDO,PSVEQ,525
XHIGJ,QIDFF,725
HJJCK,NJNZN,1417
UKFYV,OKQZE,1096
VOWCR,AAJHL,841
UYMTV,BOKNO,373
VBJDA,TVGIA,733
EMPTY,EMPTY,-1
EMPTY,EMPTY,-1
EMPTY,EMPTY,-1
EMPTY,EMPTY,-1
EMPTY,EMPTY,-1
EMPTY,EMPTY,-1
EMPTY,EMPTY,-1
NOJZI,DSGVK,304
EMPTY,EMPTY,-1
LUCET,KXGVK,1309
MYJDO,LMZJD,1328
GWBBQ,KJNDF,497
SRYPQ,VDJQA,938
EMPTY,EMPTY,-1
EMPTY,EMPTY,-1
HDDGY,GVCEZ,1450
EMPTY,EMPTY,-1
EMPTY,EMPTY,-1
EDPEZ,OXDOH,121
JDMUY,PKKFC,1038
ZESBW,FOYFM,1155
EMPTY,EMPTY,-1
EMPTY,EMPTY,-1
EMPTY,EMPTY,-1
BBBER,ALVDS,491
JSBDU,FRPWZ,150
EMPTY,EMPTY,-1
FGLXI,ZBFAY,1121
EMPTY,EMPTY,-1
HFAWT,GTYFU,361
XSSOM,PRQNK,476
HNKWH,ZNSUP,637
CCTQD,FGQMD,508
EMPTY,EMPTY,-1
EMPTY,EMPTY,-1
WDDWV,KQQFI,710
TWEBF,DONTG,1269
EMPTY,EMPTY,-1
EMPTY,EMPTY,-1
NHLST,TUIVG,513
MWSWP,JYPDK,1330
LRQSD,FPFJD,1434
EMPTY,EMPTY,-1
NKCHG,OFFAQ,647
EMPTY,EMPTY,-1
SWGEI,KDPIS,119
WHOXI,OPTYK,1400
EMPTY,EMPTY,-1
UHPQU,TRGCI,1378
ASYVR,TFQYA,750
VURLR,WCNGY,168
TKHBI,NKKVM,714
FJJYH,BYATQ,548
OVKAN,MLJIM,673
SBHZC,WYMDL,1110
MYRKC,YEITV,1471
LBSZD,AKFKC,974
UVOYP,APMWH,456
EMPTY,EMPTY,-1
TRGRI,KXEHW,1399
AXTOO,CWLKP,66
RAWOP,ADIFU,56
POJLB,IHCOM,61
OZMHP,ZSAWZ,283
DQWJY,XVPMD,671
HXXAB,DTCZR,240
IHMGW,WAWUI,557
ANCTP,LWLRQ,961
EMPTY,EMPTY,-1
EMPTY,EMPTY,-1
EMPTY,EMPTY,-1
VJHMK,RKCJI,955
EMPTY,EMPTY,-1
EMPTY,EMPTY,-1
EMPTY,EMPTY,-1
QNJKT,SCFKC,1445
FPRTU,NGESH,1494
EMPTY,EMPTY,-1
AHBIX,LQWZL,1024
EMPTY,EMPTY,-1
RXZUX,XEWUG,369
QLGWT,BGICR,325
EMPTY,EMPTY,-1
EMPTY,EMPTY,-1
VKPAS,ALEUF,1368
DTIJY,CXZUD,23
OZMTH,MXORI,196
IJSNJ,FUCLJ,1442
RPKJP,QHFDT,147
EMPTY,EMPTY,-1
EMPTY,EMPTY,-1
SDRJH,DPFZW,937
LTGPI,EUJXN,138
SCHXB,TSPHB,439
EMPTY,EMPTY,-1
KSPCQ,KTVAB,518
RKJOB,NPRSJ,1131
ZRNZH,EPNNX,412
SCWAD,NDAAZ,928
UXXYN,SEIER,1165
MLUZJ,NIGFD,366
OMIUJ,CMSOG,239
XXHPY,HPIPJ,1446
FGQKL,JYJWJ,701
LDCIF,JPGRK,886
EMPTY,EMPTY,-1
BOAJB,YBDZH,903
EMPTY,EMPTY,-1
EMPTY,EMPTY,-1
EMPTY,EMPTY,-1
RYVEQ,MFMFY,1407
EMPTY,EMPTY,-1
EMPTY,EMPTY,-1
BYNWR,BYXAI,1044
RSAOD,QMRFI,927
BWPCO,GFOEZ,1461
EMPTY,EMPTY,-1
YXFDF,QZBDW,1420
EMPTY,EMPTY,-1
JDZEQ,CDKEM,1308
SWACR,XNTNM,978
PPLOB,ZBYOP,902
XPTWZ,MVJJK,0
RUGAH,VGNEY,319
SZCYP,HIVFT,1219
HFUTQ,YUHHO,1101
PMKDQ,XEFGR,167
BIUMN,OAPDI,192
EMPTY,EMPTY,-1
EMPTY,EMPTY,-1
EMPTY,EMPTY,-1
PDSCA,UUBZP,418
DNJOS,YFPKE,652
QAUCN,QIQHK,1486
EMPTY,EMPTY,-1
YLDMG,AZQVB,876
EMPTY,EMPTY,-1
MWERC,MNQQA,942
EMPTY,EMPTY,-1
EMPTY,EMPTY,-1
DDDQC,IXQCH,183
EODRR,XYOKY,715
FUKJR,FTMUQ,828
EQJCN,AWRIS,124
ULVDL,GLPVH,39
KMSST,TPLUL,672
EMPTY,EMPTY,-1
EMPTY,EMPTY,-1
DYDWP,MJJVC,1321
IQVAB,JPCER,1238
EMPTY,EMPTY,-1
XBPLM,XQAUY,540
ILMQJ,ROSXO,1204
YVCNU,EQVLI,131
PVTZA,AJHIX,200
SNPFX,OOUPT,754
YNDBK,URSEQ,1099
GOKCG,RPVAU,600
EMPTY,EMPTY,-1
RGXQG,MKTCT,1473
EMPTY,EMPTY,-1
EMPTY,EMPTY,-1
OPDJP,TVMGU,869
EMPTY,EMPTY,-1
EMPTY,EMPTY,-1
EMPTY,EMPTY,-1
DYZIJ,OOKFE,335
GQLEX,SIAPN,448
EMPTY,EMPTY,-1
EMPTY,EMPTY,-1
EMPTY,EMPTY,-1
DMGPH,CIYFW,1307
FLTGM,CCJLN,679
EMPTY,EMPTY,-1
XXYEH,FPMOF,800
EMPTY,EMPTY,-1
EMPTY,EMPTY,-1
GCYTQ,EMPIC,731
ZOKXJ,SRNPE,1040
PMRAX,LAOUG,642
EMPTY,EMPTY,-1
EMPTY,EMPTY,-1
EMPTY,EMPTY,-1
EMPTY,EMPTY,-1
OCQJD,VHKAO,1182
JUTCA,SMXCE,596
YXSXR,FYGQL,1028
ZMWJS,IUIRX,1250
RHBRN,JSVHH,1189
EHQGG,AMIFA,58
MHQWU,NTMUA,78
BVZQI,RBTKD,52
BMKIC,FLDUW,216
NBZZB,GJFIJ,29
LCJGJ,VXENW,177
UZGGJ,TYVOX,1136
HSPNL,DUFDS,794
WURQU,KEVXO,944
EMPTY,EMPTY,-1
MVMGJ,EQNAY,1396
RAYZY,JXPSS,1408
PKFER,EXSBB,334
TZGRV,VPYVB,486
SCXJR,PULOE,566
WVQOX,NMTNP,1074
EMPTY,EMPTY,-1
EMPTY,EMPTY,-1
DAZGH,YCDMH,440
HZXDF,DHXET,587
RGGPV,ZOBYS,1336
EMPTY,EMPTY,-1
EMPTY,EMPTY,-1
EMPTY,EMPTY,-1
PVQCU,OUNVA,84
YJKVT,FAIIH,466
EMPTY,EMPTY,-1
EMPTY,EMPTY,-1
EMPTY,EMPTY,-1
NNQSG,MKRTB,472
HLXPQ,OPIIF,932
EMPTY,EMPTY,-1
EMPTY,EMPTY,-1
EMPTY,EMPTY,-1
SYHRJ,IWDAR,1468
EMPTY,EMPTY,-1
VFQEH,GFTKR,1212
LAQNP,XVMHQ,728
EMPTY,EMPTY,-1
RSACQ,DTCLX,1453
YIBPW,IHUGM,1424
EMPTY,EMPTY,-1
EMPTY,EMPTY,-1
YKEPD,WBSLM,1390
EMPTY,EMPTY,-1
SJOCY,YAKNW,1423
GMMLN,VCANM,302
QFEGU,GXSQS,602
EMPTY,EMPTY,-1
EMPTY,EMPTY,-1
QSRQB,CBJKE,1225
NGEZM,DMNCM,85
EMPTY,EMPTY,-1
MZCNG,KCTGA,386
BGLZV,AJLWT,947
WXMKD,CTYXP,883
MLEID,FBQVN,296
PKDEC,ARRBC,680
NESNY,DRQQW,1176
WCKNN,ELXSX,1158
PFVRW,TFJGO,619
TSMLG,GEIWM,425
GOOHM,UQYAY,370
FWBCM,WRCOJ,54
HKLPO,UIOII,814
SNAWD,UYBRD,83
TNGDH,PTXWC,727
VDEBE,WNAYV,774
OLHSK,SDXTI,822
EMPTY,EMPTY,-1
XLYXW,UGIIF,1022
BYSPP,VHLIP,1372
EMPTY,EMPTY,-1
EMPTY,EMPTY,-1
WXLPY,BKQVJ,431
EMPTY,EMPTY,-1
BDEDI,ZRGTI,1172
QBJGX,OBHZX,268
EMPTY,EMPTY,-1
IDPSD,IPKYY,392
EMPTY,EMPTY,-1
EMPTY,EMPTY,-1
FFAKB,EPWCZ,201
DTTJX,KOOUL,249
EMPTY,EMPTY,-1
HHLRO,SZFRX,1255
EMPTY,EMPTY,-1
ECUWJ,CMDAL,1488
EMPTY,EMPTY,-1
EMPTY,EMPTY,-1
EMPTY,EMPTY,-1
VWFKB,MYDSP,1159
TUFQJ,ULRTS,1324
QYLIT,ZWKZE,628
EMPTY,EMPTY,-1
EMPTY,EMPTY,-1
JAQNK,ZGXQN,718
WFICY,YBVRU,1357
YJYCK,UNHMU,1213
EMPTY,EMPTY,-1
TIXAG,BFGDW,590
EMPTY,EMPTY,-1
KKAOR,YGMWH,1080
BOESG,AZROC,48
WVCKW,LVILR,1202
SYPVM,XBMWM,100
URFUO,SMCGC,293
CWTIF,UFMUE,471
PGBQE,KQDGK,474
XHMUL,DYAFW,449
KOUAE,MARTX,766
YIFHL,MWHNC,893
LRTKY,IEIIM,1249
RTSVX,WHWTH,1177
NJQAD,AUTFW,695
KTRTR,ABVUX,854
YLVNM,AOYQU,904
EMPTY,EMPTY,-1
DVSJV,XBBUY,970
EMPTY,EMPTY,-1
HJYEO,FNJVV,1386
EMPTY,EMPTY,-1
YZPCZ,QQBVS,889
FYVRE,DJKHQ,521
LPCEX,CTKAS,813
ONYVX,RJODT,874
OPRQP,EDXGK,102
SZSJB,OOKGW,214
ULVFS,YMZCB,123
BTDMR,AGOYP,711
EMPTY,EMPTY,-1
AZALY,NMHUY,745
FFOWJ,LPBNQ,1020
EAXAR,NKJQB,211
EMPTY,EMPTY,-1
XGEEO,JKBVP,1487
YVFVN,DHNKZ,414
VRSRX,RIRXT,1
FUOIU,RHZCM,740
UNYYS,EGENE,1062
ZPRVB,RXGOV,387
TEXLZ,NHVFT,1053
JJMZE,OYIXR,1186
BKRJA,KPHSI,31
GDSJI,BYDMG,162
WRLEO,ZFUYP,577
RIKZQ,EEMVT,901
EMPTY,EMPTY,-1
HCEMF,WDHNH,1340
SENOL,YTFIU,1247
SHWGO,USABD,1337
EMPTY,EMPTY,-1
EMPTY,EMPTY,-1
BVWWB,MXBSF,1125
RFFEK,YGFDE,165
CYBCK,NQZCH,836
EMPTY,EMPTY,-1
EMPTY,EMPTY,-1
CQMGJ,NRTWO,132
EMPTY,EMPTY,-1
SEDGK,KAGSE,92
EMPTY,EMPTY,-1
SUCUS,JRBRD,551
SURGN,ZYNEU,545
VJBFP,DXQLO,1029
KWMVF,TYNEW,1190
VPFUU,ZZYXP,511
SQSHQ,PAXIR,1355
Microsoft,msft,0
ELNCR,YUTSH,10
VQTIV,DVDHC,245
WMZRK,UVGSY,503
EMPTY,EMPTY,-1
BGVXC,RTALY,75
QCGTH,OJWXU,408
EMPTY,EMPTY,-1
QYNEK,YUTSO,726
HMBKL,XIYMV,1102
ABCVG,FQQPE,94
GRVAN,CZGMO,1401
XWLDR,RGSMQ,1498
EMPTY,EMPTY,-1
ZNYZW,UZOFQ,1103
JBPDJ,NPIRR,428
EMPTY,EMPTY,-1
EMPTY,EMPTY,-1
EMPTY,EMPTY,-1
EMPTY,EMPTY,-1
MAXLP,YLEEE,221
EMPTY,EMPTY,-1
PELZI,TRNYA,1318
RNLAF,JVQIV,1366
ZBELP,JIOEB,908
ANFWQ,UKSKT,571
EMPTY,EMPTY,-1
EMPTY,EMPTY,-1
EMPTY,EMPTY,-1
IWWYW,LFYJD,615
HITEJ,CTXRF,1385
VVALQ,TQEEN,522
SXMMO,KDRZK,1278
MYDXE,ZOBKX,556
MCOQN,GZJCN,1303
HQHCG,FKMXU,1231
UDLIO,PKHRM,1456
EMPTY,EMPTY,-1
ERZGX,QVIDF,1173
SOLWX,CGUVR,1429
EMPTY,EMPTY,-1
NQZWE,UYVXX,1415
CTXHV,MEDSQ,1410
BOXBC,YUGCG,746
BYETS,YQIKH,622
EMPTY,EMPTY,-1
EMPTY,EMPTY,-1
XOEMR,EHFHA,1411
OOKUJ,RJCKE,1289
DWQCE,EQTOE,989
FYDWU,LMOKG,451
TJLKI,JYSMK,973
EMPTY,EMPTY,-1
XAIVQ,ESBLS,20
EUICT,ZEQZY,1168
YCQUF,FFZBE,949
BYFWQ,UUYXM,1071
KHFPF,PDUHX,1431
EMPTY,EMPTY,-1
EMPTY,EMPTY,-1
JDUYW,EXQTF,1119
EMPTY,EMPTY,-1
EMPTY,EMPTY,-1
OPEDF,GRJFE,1178
JADXO,AQNSZ,618
EMPTY,EMPTY,-1
EMPTY,EMPTY,-1
EMPTY,EMPTY,-1
UMDJR,FZMBH,193
ZHTWX,DJGKH,166
VOVSH,GYUSV,1242
DXCGJ,XAWBE,27
CVWYH,TKJAE,220
EMPTY,EMPTY,-1
YDBIN,FRMTV,582
QWRLY,JZNYN,706
EMPTY,EMPTY,-1
EMPTY,EMPTY,-1
WHJIW,UUVRR,187
DVNCN,JHLMJ,1335
EMPTY,EMPTY,-1
EMPTY,EMPTY,-1
JZDCT,LXPER,1489
EMPTY,EMPTY,-1
EMPTY,EMPTY,-1
EMPTY,EMPTY,-1
EMPTY,EMPTY,-1
EMPTY,EMPTY,-1
EMPTY,EMPTY,-1
QNDJT,TAZWW,1196
EMPTY,EMPTY,-1
EMPTY,EMPTY,-1
GLWKV,UUHJN,826
UOIHS,HUZJZ,1383
NNOAU,DLCAP,950
GIGSI,BBYEW,1097
EMPTY,EMPTY,-1
EMPTY,EMPTY,-1
EMPTY,EMPTY,-1
EMPTY,EMPTY,-1
EMPTY,EMPTY,-1
EMPTY,EMPTY,-1
EMPTY,EMPTY,-1
IKKAJ,GCKET,812
EMPTY,EMPTY,-1
EMPTY,EMPTY,-1
EMPTY,EMPTY,-1
VOZJQ,HMOKA,492
FETNP,PGMBK,1194
XJKGN,DXONB,1154
QUOEN,STLGK,825
UOOXY,VELUF,1261
EMPTY,EMPTY,-1
EMPTY,EMPTY,-1
KJMIA,CLVGK,1482
PPKDA,ATSNJ,410
XODUN,KBVFU,580
IQOYT,SLMQA,578
WHXZI,QDQRW,819
CQAUW,GZLRJ,483
BTJMT,ROTCK,1428
FJPXI,WBTUS,351
VMFKY,WSCCE,36
MOLCH,GJGCI,236
XAHRV,UDUOU,1085
EJABJ,PUAOV,219
TXUYC,QOAMM,630
EMPTY,EMPTY,-1
SRWJA,ELGVN,729
EMPTY,EMPTY,-1
EMPTY,EMPTY,-1
EMPTY,EMPTY,-1
QLGXF,NEHYY,569
EMPTY,EMPTY,-1
ZZRPX,CZNRQ,864
TTIKJ,BWSKG,186
ZBGHS,IZJTY,327
EMPTY,EMPTY,-1
EBZDI,TZRUP,524
YLJBM,PUBGK,991
UOMKC,PSEJG,1144
TGNCG,ELDPI,1291
EMPTY,EMPTY,-1
IRRTY,LUZKD,1208
UYMCB,FQDPK,318
HLWFI,BHZVY,490
FSEHG,MUZCV,489
CJTXN,LDLVS,294
MDOVF,MOQFB,933
BDPFS,GXSSX,1111
EMPTY,EMPTY,-1
CQADT,XGJKT,118
EMPTY,EMPTY,-1
DLGZX,ZAWBX,721
BPJRE,FHPKN,64
BOBQC,KGABT,597
BSXWY,MBEGI,337
JIHWB,BXWZL,298
XPRSV,WTMOL,1184
EMPTY,EMPTY,-1
MPEUX,RAJQP,1286
SCYUC,DAQWL,415
PSLDJ,VUBUW,1181
SOFNF,GFUEZ,804
RHIHK,RUOWP,808
BTSKO,DJXZH,130
XQUQY,NTBFX,250
KPMTV,NPDNV,1214
QNPBK,GPHTH,995
EMPTY,EMPTY,-1
LQFLP,KNVJT,1322
REALX,SZBVX,403
EMPTY,EMPTY,-1
LMAAP,YHMKO,1069
XZSGF,JNFKC,661
HQRUN,DACOI,1229
NDVVC,EAGEL,5
HFDYM,WPYRJ,684
WVTRF,CRLVY,1156
AQBGC,DIUCN,765
MNCVL,HAGLI,1270
UHHGB,CEAOC,585
RYVXZ,ZDNDN,926
FKEKY,ZCQXB,965
HJNSF,OXGYW,1057
IFEMH,OOQUR,1313
ZJHEN,GCBRL,1459
UDJGH,MKYKY,1078
EMPTY,EMPTY,-1
XUGMN,HVCAS,1455
EMNEM,YZSUW,1499
VSVPE,DLEPH,1469
EMPTY,EMPTY,-1
HFUUN,UPQFB,362
UWLNA,IUCXC,827
EMPTY,EMPTY,-1
GJOCP,JCJGM,436
EMPTY,EMPTY,-1
GAQKE,EJICM,1007
EMPTY,EMPTY,-1
MOUKN,WBMBF,1491
ZNIUI,FNHYI,913
BGLDS,LCHWF,1211
DMVIJ,GNLON,288
DTLGT,GYYRP,1317
EMPTY,EMPTY,-1
GOOVG,JUIMO,384
QSBGK,RQQPM,342
TGAOM,ZPQNF,266
OQHOE,NFSNB,510
EMPTY,EMPTY,-1
EMPTY,EMPTY,-1
KIJZS,YEGYO,1221
DPXAM,KSCEW,1167
OSEPO,JOJZZ,88
CYQEF,XCRAZ,343
JXTRR,OPDVA,381
SNJFT,WFBVO,228
HBGOJ,INNOS,426
SOULM,CRAEP,413
EMPTY,EMPTY,-1
ADRWJ,THNZF,830
QRCKV,FWSZM,924
SQREM,PCEPO,682
JNEGV,SOWBH,1090
PNWCK,VSBCV,1448
MDJUX,ZGRGL,976
UGJXH,PGIEG,699
LOQAF,YEVYY,668
OGWFC,OOQFT,223
XPGXN,QEWBR,98
EMPTY,EMPTY,-1
CYFMZ,XIDRL,1467
ZMXDU,DZFOG,1384
EMPTY,EMPTY,-1
ENSDA,OPUUI,576
MAPVP,PELHL,89
DKCYI,OKYKO,1454
AYMNP,YLLZP,1299
UXAKE,PGXEL,1174
SQBRG,SWEXM,110
LECQT,OIQLO,657
NUFBK,KPHUN,305
KJYNT,JODNT,805
IZWGN,TFHZX,702
YTGVU,EXVKW,1210
MBTSH,JJWDV,257
MEMTD,ZQNYR,398
RPIEW,XZGEG,1239
OCMMY,GWSCG,1484
XUHFK,TWQJJ,208
MNNDW,QAVDV,541
EMPTY,EMPTY,-1
QWSTN,YIUIX,478
UAEFZ,STKAC,3
ZFAHG,YIYGQ,697
EMPTY,EMPTY,-1
EMPTY,EMPTY,-1
NRKUZ,ORDJN,1375
EMPTY,EMPTY,-1
IOYJR,GOLQP,1297
VJMAS,JIQUS,297
WJTCG,FLDIK,669
CERHF,QXLOH,791
OIBIF,WJGCY,164
JUEPS,JGXVK,547
HHMXT,ZALAD,910
EMPTY,EMPTY,-1
OMQMM,FEZBK,655
NXUED,AWZXD,987
BNHLP,KEXKF,357
XBEFS,KUCXQ,454
LLCHZ,TJHBB,781
VYMHW,WZOIE,1117
ORTJA,ISJJP,1382
EMPTY,EMPTY,-1
EMPTY,EMPTY,-1
EMPTY,EMPTY,-1
EMPTY,EMPTY,-1
DGWMJ,IAOBV,1437
DGKFZ,KHDZV,393
EMPTY,EMPTY,-1
UCPTU,JKHFJ,1374
SCFLH,IKQQF,627
MWZSW,JKDHT,198
LAABT,LBJUI,300
AWRXV,KRVBE,952
EMPTY,EMPTY,-1
EMPTY,EMPTY,-1
EMPTY,EMPTY,-1
AKLXH,NVWGT,394
GZFEM,OZDWD,546
EMPTY,EMPTY,-1
QOXPN,XPQOW,180
IPGPG,VCDHG,145
LBJZZ,JGYNO,613
SJRGN,FMLVT,872
IKHOC,ULPXD,1052
EMPTY,EMPTY,-1
JXESU,YUEFA,1087
ULKVV,RSXXE,633
EMPTY,EMPTY,-1
OAHSR,RLYTT,689
AWMWE,AANKK,1129
CNLHU,HTJCP,295
EMPTY,EMPTY,-1
EMPTY,EMPTY,-1
EMPTY,EMPTY,-1
XNKIQ,YZLRJ,625
PHSAD,UVVFQ,178
TUDVI,CPARE,468
ELUPG,LMMNI,1292
EMPTY,EMPTY,-1
ZIPBC,IKPJN,1398
CLSAZ,NYUMJ,1334
QHDAI,BQPLW,1490
NFOSD,UWOSF,920
